"Tpeak,v","TTP,t,v","dT/dtMax,v","dT/dtMax,v","Tdur,v","Trest,v","Dlambda,v"
28.7425,120.0,0.623975,-0.16415,447.0,0.0799348,11.4122
35.4088,118.0,1.01185,-0.14665,631.0,1.32117,17.9535
39.3766,64.0,1.90455,-0.11485,714.0,1.56871,23.1348
39.0056,74.0,1.6215,-0.2757,432.0,0.0506589,22.5056
32.1276,164.0,1.07689,-0.1933,511.0,0.172811,14.3222
36.4741,92.0,1.1675,-0.37955,537.0,0.709258,19.4162
28.2149,76.0,0.821245,-0.39055,230.0,0.00044792,10.8124
24.9979,59.0,0.9533,-0.38415,195.0,0.000400159,8.68
34.4808,112.0,1.02731,-0.33195,383.0,0.059412,16.706
36.796,162.0,0.86865,-0.23325,572.0,0.76904,20.2254
33.212,114.0,0.86658,-0.2869,415.0,0.0265464,15.2235
35.172,132.0,0.9066,-0.2138,548.0,0.724201,17.6581
26.8959,61.0,1.19396,-0.25895,254.0,0.00763708,9.96491
35.5622,88.0,0.9911,-0.2757,490.0,0.877327,17.6808
28.4897,141.0,0.77567,-0.1935,396.0,0.00677468,11.2474
35.1166,92.0,1.11367,-0.20705,413.0,0.00553519,17.5055
42.1671,74.0,1.5142,-0.19575,478.0,0.0423447,30.501
32.1117,104.0,0.866015,-0.2522,339.0,0.00436888,14.1516
35.7168,59.0,2.13216,-0.3679,337.0,0.0354029,17.4517
37.9152,100.0,0.94355,-0.2968,559.0,1.00349,21.3092
32.2223,89.0,0.94106,-0.2196,429.0,0.166447,14.1335
21.0998,59.0,0.88745,-0.21865,334.0,0.0363522,6.82062
28.5951,120.0,0.603865,-0.17995,402.0,0.0581747,11.2733
34.366,110.0,1.17189,-0.21835,367.0,0.0256719,16.6788
32.8881,89.0,1.14314,-0.35575,257.0,9.07798e-06,14.7124
37.5775,98.0,1.34538,-0.39405,383.0,0.177703,21.2235
21.0695,49.0,1.06168,-0.3972,140.0,0.000606605,6.60636
30.9108,129.0,0.81391,-0.181,408.0,0.0665053,13.2247
31.0285,68.0,1.24085,-0.276,430.0,0.218236,12.9164
35.51,99.0,1.02907,-0.237,406.0,0.302711,18.0346
37.1545,134.0,1.30443,-0.20695,571.0,0.621827,20.7905
36.3059,112.0,1.11606,-0.2482,359.0,0.0337159,19.3948
19.3841,53.0,0.83891,-0.41245,162.0,4.37653e-05,5.90273
37.1966,173.0,0.82436,-0.3224,596.0,0.311365,21.2047
35.4108,64.0,1.4023,-0.6364,256.0,0.00479818,16.7924
38.5454,106.0,1.4434,-0.29465,525.0,0.0619208,23.2242
34.7451,123.0,0.985125,-0.2092,424.0,0.209201,17.1779
37.4244,58.0,1.70615,-0.31895,346.0,0.0746098,19.5131
31.5641,152.0,0.604175,-0.323,519.0,0.0824359,13.8095
26.7244,149.0,0.548475,-0.2058,532.0,0.763207,9.91101
39.8092,55.0,2.19619,-0.1997,428.0,0.416301,23.4802
14.3584,65.0,0.558845,-0.12005,240.0,0.000912237,4.09636
39.1656,115.0,1.34898,-0.21925,575.0,0.180825,24.7771
38.5872,76.0,1.38695,-0.6715,287.0,0.00129435,21.489
39.6281,64.0,1.7033,-0.41655,351.0,0.236857,23.1064
40.9828,58.0,1.6945,-0.6251,449.0,0.191735,22.5779
26.0169,131.0,0.51333,-0.1574,419.0,0.00686426,9.58927
39.1002,145.0,1.1898,-0.1781,778.0,1.67236,25.4089
42.1239,44.0,2.6014,-0.4452,356.0,0.0435086,22.8932
10.9808,64.0,0.442105,-0.07908,247.0,1.02304e-05,2.98
34.889,80.0,1.62496,-0.30905,622.0,1.83383,16.627
16.8052,62.0,0.61129,-0.2733,164.0,0.00058504,4.97273
30.7946,85.0,0.862205,-0.16615,512.0,0.0540004,12.781
26.4998,100.0,0.62693,-0.1964,349.0,0.00792478,9.809
40.9038,70.0,1.58525,-0.27415,365.0,0.0412139,26.4697
41.006,53.0,1.7905,-0.1796,551.0,0.671697,23.2744
20.0622,136.0,0.494925,-0.1754,303.0,0.00638879,6.47194
41.3915,59.0,2.35043,-0.41805,350.0,0.0201581,26.976
17.3144,47.0,0.929515,-0.4121,131.0,0.000976014,5.05
36.0559,190.0,0.97795,-0.2354,585.0,0.282061,19.1412
29.8221,173.0,0.44232,-0.1985,583.0,1.01082,12.0772
15.6037,51.0,0.67845,-0.25265,208.0,0.000641973,4.45636
26.2208,90.0,0.68677,-0.2445,313.0,0.00226354,9.63563
34.138,67.0,1.46044,-0.51975,324.0,0.00569436,15.5645
16.0751,61.0,0.613385,-0.1777,289.0,0.0708682,4.69263
36.2852,85.0,1.2498,-0.3772,396.0,0.0307819,18.6568
35.8682,58.0,1.90475,-0.186,552.0,0.721736,17.88
35.431,69.0,1.3,-0.2679,349.0,0.0147791,17.1321
37.8735,126.0,1.14597,-0.27245,411.0,0.0906298,22.196
37.5197,66.0,1.4698,-0.6534,242.0,0.00207513,19.5185
39.3363,83.0,1.42485,-0.6925,379.0,0.103864,24.2474
34.0665,81.0,1.11346,-0.60655,322.0,0.0614492,15.6612
24.1758,137.0,0.54492,-0.1462,397.0,0.044366,8.52002
29.6982,75.0,1.05105,-0.3593,307.0,0.00210106,12.1387
35.1221,96.0,1.46541,-0.1894,508.0,0.2993,17.4503
22.549,81.0,0.70287,-0.2264,277.0,0.0138963,7.583
30.1951,103.0,0.776815,-0.29915,274.0,0.00335249,12.4915
36.4915,75.0,1.35406,-0.3208,310.0,0.0898755,18.8052
20.4722,72.0,0.813715,-0.21385,215.0,0.00351777,6.59642
35.2455,114.0,1.13734,-0.2004,396.0,0.0637548,17.8512
38.2826,69.0,1.55765,-0.18965,394.0,0.308166,21.3744
40.5139,59.0,1.74625,-0.21665,553.0,0.0592817,25.5722
34.486,54.0,1.39285,-0.59175,328.0,0.0447245,14.9297
33.6127,123.0,1.40847,-0.12595,609.0,0.373589,15.8497
39.4004,87.0,1.95062,-0.1416,628.0,0.183583,25.7287
37.5452,159.0,0.83816,-0.2723,567.0,0.529726,21.5456
35.3451,161.0,0.889095,-0.22265,434.0,0.515786,18.0586
39.6638,130.0,0.8445,-0.1529,690.0,1.14556,26.5392
28.2651,109.0,0.783335,-0.1835,403.0,0.0421037,11.0437
37.1784,119.0,1.08012,-0.4087,434.0,0.0587704,21.0072
22.1468,112.0,0.57924,-0.1574,320.0,0.000571366,7.44909
37.8269,74.0,1.69865,-0.13285,634.0,1.35011,21.0902
25.8102,151.0,0.439555,-0.109,619.0,0.801438,9.31672
26.6438,94.0,0.619365,-0.29535,333.0,0.104611,9.81968
22.4486,68.0,0.84867,-0.25615,234.0,0.0171779,7.50034
32.6338,129.0,0.73658,-0.13405,560.0,0.895479,14.6665
24.243,94.0,0.679215,-0.20715,308.0,0.0789248,8.50253
35.9044,96.0,1.15201,-0.47565,576.0,0.510392,18.1724
33.8933,66.0,1.1976,-0.1538,626.0,1.67362,15.4822
34.1789,47.0,1.95795,-0.61185,168.0,0.00052845,14.6486
37.4663,55.0,1.5231,-0.6782,261.0,0.00128825,18.2205
34.9259,135.0,0.63206,-0.34395,413.0,0.0348755,17.2275
13.4867,88.0,0.437845,-0.08676,308.0,0.000511048,3.85273
33.0382,154.0,0.7273,-0.173,565.0,0.249927,15.249
36.8441,66.0,2.03821,-0.41455,407.0,0.0423823,19.574
38.6025,115.0,1.85255,-0.1738,631.0,0.777582,24.3587
30.9175,142.0,0.534425,-0.22,529.0,1.05132,12.9944
40.6416,43.0,2.773,-1.02695,199.0,5.37377e-05,20.2949
10.25,75.0,0.43893,-0.06473,338.0,0.000124956,2.78364
34.5441,117.0,0.846165,-0.2273,528.0,0.994803,16.6579
40.4365,78.0,1.535,-0.1945,435.0,0.249024,26.4958
38.6409,74.0,1.80868,-0.2394,672.0,0.864508,23.7648
29.6532,111.0,1.03704,-0.21835,354.0,0.0536366,12.0853
40.5989,38.0,2.6348,-1.04855,652.0,0.712399,19.9017
22.2821,183.0,0.26872,-0.1526,480.0,0.0214851,7.52593
29.0924,60.0,1.24569,-0.56025,255.0,0.000442273,11.1293
32.8963,56.0,1.4889,-0.6188,259.0,0.0022908,13.6659
34.6149,63.0,1.35485,-0.30255,661.0,1.35463,15.8364
20.8092,55.0,0.9403,-0.24475,243.0,0.0184455,6.61939
33.0967,71.0,1.10165,-0.61185,277.0,9.24454e-05,14.3869
11.5089,67.0,0.4766,-0.11827,235.0,3.13968e-05,3.16636
38.5906,212.0,0.791585,-0.21245,574.0,0.257719,24.4003
39.5949,65.0,1.55435,-0.25945,377.0,0.271149,23.7177
32.3101,62.0,1.30705,-0.17935,496.0,0.532558,13.8273
34.3889,87.0,1.42645,-0.1554,425.0,0.22066,16.7768
38.6302,122.0,1.10035,-0.32595,533.0,0.897621,24.2467
37.733,75.0,1.5435,-0.16785,427.0,0.0965827,20.8816
10.0208,94.0,0.24887,-0.068445,342.0,0.0207552,2.70651
28.8162,58.0,1.25108,-0.1848,321.0,0.0717105,11.0589
36.733,59.0,1.4442,-0.3944,415.0,0.385497,17.6571
41.3485,54.0,2.2102,-0.15315,504.0,0.0249012,26.1745
23.7777,178.0,0.457805,-0.1227,517.0,0.17215,8.28005
12.3637,100.0,0.2767,-0.0826,351.0,0.0383669,3.45941
36.3084,56.0,1.504,-0.50615,357.0,0.585548,17.2801
35.4516,140.0,0.73635,-0.33665,397.0,0.157768,18.1829
29.4405,73.0,1.00863,-0.27845,338.0,0.0054815,11.6894
37.9436,146.0,1.15034,-0.46475,579.0,0.223324,22.1681
37.688,119.0,1.32149,-0.2371,451.0,0.0610934,21.692
26.431,130.0,0.805715,-0.26295,427.0,0.0170651,9.88963
26.5786,86.0,0.79748,-0.2189,307.0,0.0952322,9.8396
19.8855,150.0,0.335295,-0.1483,358.0,0.00952004,6.39108
20.1166,109.0,0.71473,-0.1579,382.0,0.0378266,6.49332
23.3493,130.0,0.600755,-0.2025,433.0,0.0809208,8.07525
30.2004,62.0,1.15795,-0.0916,652.0,1.48063,12.0203
37.6837,97.0,1.02335,-0.32,384.0,0.255258,21.4121
36.9626,88.0,1.41005,-0.21885,667.0,1.44502,19.7827
29.1763,93.0,0.72886,-0.2792,368.0,0.00693778,11.6519
22.9512,59.0,0.81104,-0.33965,223.0,0.00326122,7.54734
25.6481,80.0,0.84735,-0.287,328.0,0.0321044,9.2433
24.2328,147.0,0.53225,-0.1219,470.0,0.123568,8.539
31.2125,82.0,1.2554,-0.4206,340.0,0.0546412,13.3708
29.1917,144.0,0.65216,-0.1268,608.0,1.04216,11.5932
36.2002,68.0,1.54664,-0.44915,419.0,0.0140401,17.954
28.6094,44.0,1.60605,-1.06785,166.0,7.49674e-05,9.93155
40.8255,102.0,1.51265,-0.21115,504.0,0.415107,29.6687
35.9275,124.0,1.17008,-0.1907,706.0,0.578667,18.9263
41.2757,58.0,1.66425,-0.19815,321.0,0.00886682,25.6779
37.2645,113.0,0.8047,-0.3552,392.0,0.107131,20.3545
22.7955,77.0,0.60254,-0.31515,281.0,0.00325195,7.65916
36.0584,179.0,0.58153,-0.2441,669.0,1.63594,18.9269
20.1248,58.0,0.892685,-0.0988,469.0,0.185863,6.33925
35.0613,134.0,0.699615,-0.41105,547.0,0.33477,17.5562
36.2305,150.0,0.705435,-0.3027,456.0,0.481769,19.2243
31.4594,92.0,0.87879,-0.2003,372.0,0.145566,13.4585
15.911,161.0,0.28809,-0.1148,407.0,0.0705784,4.73445
34.9171,166.0,0.63891,-0.13765,656.0,0.712741,17.51
29.0703,203.0,0.50915,-0.1646,491.0,0.0912987,11.7068
39.2379,73.0,1.46795,-0.1962,652.0,1.28104,24.0733
34.3778,96.0,0.99746,-0.4532,289.0,0.000787543,16.3569
31.2401,91.0,1.12911,-0.14505,411.0,0.118211,13.4325
30.2746,66.0,1.01075,-0.22195,495.0,0.251142,12.0572
39.3503,74.0,1.4939,-0.0971,693.0,0.375702,22.8275
34.2938,94.0,0.87115,-0.2167,342.0,0.0496153,16.1528
34.1932,56.0,1.7938,-0.1925,336.0,0.0567312,15.6737
35.9503,80.0,1.14463,-0.4661,319.0,0.0133926,17.9727
42.1292,55.0,1.77375,-0.17565,603.0,0.704687,27.8462
41.2954,67.0,2.1285,-0.62425,259.0,0.0118592,27.1414
33.6234,58.0,1.3871,-0.5708,224.0,3.4769e-06,14.517
33.0245,74.0,1.0702,-0.4296,224.0,2.47993e-05,14.6065
31.0849,67.0,1.1589,-0.1589,516.0,0.484811,12.9018
16.5625,54.0,0.744445,-0.30795,139.0,6.40665e-08,4.83182
35.6654,60.0,1.87468,-0.3969,312.0,0.0387723,17.285
33.6679,250.0,0.56427,-0.1669,694.0,1.62244,15.7256
32.5404,61.0,1.33315,-0.2363,380.0,0.0432369,14.0531
27.818,100.0,0.74907,-0.13665,531.0,0.451618,10.6847
29.8139,107.0,0.870895,-0.1143,619.0,0.619504,12.1367
34.5103,81.0,1.84065,-0.1776,344.0,0.0341298,16.7136
34.9829,66.0,1.82488,-0.50125,373.0,0.0168399,16.5197
31.5871,93.0,1.35777,-0.19695,357.0,0.00359433,13.7009
30.7903,96.0,0.77728,-0.25775,325.0,0.00511266,12.8531
33.8576,75.0,1.49971,-0.45,268.0,0.000491328,15.565
25.6397,66.0,1.04926,-0.17055,421.0,0.149508,9.19844
39.7395,77.0,1.4203,-0.2289,482.0,0.523995,25.1405
28.4884,207.0,0.459695,-0.12825,747.0,1.73304,10.9007
40.9881,57.0,1.83795,-0.3672,643.0,0.985575,25.6383
36.8748,82.0,1.46261,-0.323,426.0,0.261464,19.5648
41.4124,108.0,1.92371,-0.42045,586.0,0.934733,30.7314
36.6721,75.0,1.39043,-0.3895,283.0,0.000946113,19.0893
33.8731,95.0,1.03024,-0.14235,635.0,1.76049,15.6779
37.3123,44.0,2.48961,-0.34185,395.0,0.192926,19.0554
37.4229,63.0,1.75755,-0.42415,376.0,0.0210268,19.3397
32.6113,67.0,1.1434,-0.21125,334.0,0.0420296,14.1513
43.0044,54.0,1.85295,-0.3354,413.0,0.154467,27.03
37.4208,124.0,0.92245,-0.44315,553.0,0.77804,21.3259
32.7585,124.0,0.995155,-0.2234,430.0,0.423486,14.8218
18.2779,60.0,0.765185,-0.2272,208.0,0.00763249,5.57101
37.7887,87.0,2.04651,-0.21045,632.0,0.749621,21.2063
29.63,61.0,1.2416,-0.3118,289.0,0.0028001,11.6106
16.7809,60.0,0.636885,-0.1918,235.0,0.00536423,4.98368
39.5364,134.0,1.66575,-0.27205,519.0,0.303599,26.1397
38.0486,92.0,1.35033,-0.19315,518.0,0.352856,22.0579
38.2309,144.0,0.903565,-0.2845,727.0,1.68125,22.913
36.3339,75.0,1.24782,-0.4022,367.0,0.0106167,18.3124
33.2307,88.0,1.40344,-0.1139,646.0,0.876124,15.1732
34.7132,113.0,0.85447,-0.11735,604.0,1.03449,17.0135
32.5364,145.0,0.92508,-0.18955,430.0,0.290422,14.6988
42.2505,45.0,2.7016,-0.18795,445.0,0.264206,27.546
25.426,99.0,0.960405,-0.24795,262.0,0.00045353,9.21055
20.8659,97.0,0.46976,-0.1934,295.0,0.015149,6.79479
39.0625,72.0,1.53235,-0.16185,618.0,0.964571,23.3907
34.0522,52.0,1.67165,-0.12885,653.0,1.62654,15.2325
21.3613,83.0,0.60648,-0.242,238.0,0.00116874,7.00364
38.8237,180.0,0.80126,-0.1021,774.0,0.845361,24.9941
36.1651,155.0,0.71752,-0.20545,570.0,1.24724,19.0638
12.2907,63.0,0.448845,-0.201735,180.0,0.000148132,3.37636
34.8213,174.0,1.11872,-0.1988,485.0,0.472349,17.3743
35.1046,101.0,0.9928,-0.257,426.0,0.0483561,17.4118
20.8484,75.0,0.85196,-0.27165,272.0,0.00291206,6.82552
41.0025,65.0,1.5807,-0.5878,357.0,0.00308319,24.5246
37.6241,125.0,0.82182,-0.32195,614.0,1.0257,21.0583
26.1659,47.0,1.35455,-0.3315,325.0,0.0359595,9.06264
24.0982,53.0,1.11468,-0.4339,186.0,0.000202695,8.06727
20.6445,64.0,0.8255,-0.13115,325.0,0.0176643,6.64576
37.3803,77.0,1.33955,-0.28975,446.0,0.413872,20.3306
33.133,131.0,0.75489,-0.34575,359.0,0.030312,15.2917
31.9693,96.0,1.02776,-0.2829,336.0,0.000768921,13.9575
27.8356,107.0,0.682905,-0.25025,273.0,0.00581629,10.7512
32.5141,141.0,0.65421,-0.15475,568.0,1.19048,14.5128
19.224,71.0,0.787565,-0.19405,232.0,0.000549779,6.04909
24.5922,58.0,1.0423,-0.3064,234.0,0.0584591,8.48487
33.0574,70.0,1.29693,-0.36815,260.0,0.000412038,14.6165
35.9636,70.0,1.34096,-0.3048,379.0,0.113559,18.0305
38.0192,116.0,1.3592,-0.37395,365.0,0.0485754,22.5747
38.3434,54.0,1.7747,-0.6031,326.0,0.0224274,19.4884
11.9887,100.0,0.297605,-0.088185,325.0,0.0438018,3.33491
19.0483,77.0,0.57003,-0.15785,336.0,0.0172878,5.953
38.5492,91.0,1.23075,-0.2055,652.0,1.2024,22.6671
40.3332,146.0,1.16943,-0.28175,711.0,1.11434,29.1481
38.3946,133.0,1.26914,-0.2773,661.0,1.68745,23.0159
34.9196,189.0,0.52672,-0.27755,601.0,0.400466,17.4037
36.8448,76.0,1.42307,-0.36705,365.0,0.0615231,19.4596
22.0108,148.0,0.41393,-0.21005,340.0,0.00490691,7.39825
32.9484,75.0,1.0008,-0.2554,467.0,0.286735,14.6193
23.7484,75.0,0.753045,-0.26365,236.0,0.0031112,8.14007
31.8419,78.0,0.93356,-0.19865,513.0,0.600111,13.6026
17.3025,61.0,0.590545,-0.20725,267.0,4.32203e-05,5.10818
24.7986,52.0,1.16552,-0.2806,328.0,0.11805,8.56704
37.2453,121.0,1.5518,-0.21815,496.0,0.689102,20.9092
39.603,172.0,0.864855,-0.4031,715.0,1.91116,26.7333
34.6748,109.0,0.984005,-0.1167,621.0,0.417281,16.9925
32.292,83.0,0.980275,-0.42035,362.0,0.00689549,14.0953
28.7915,93.0,0.8811,-0.1089,488.0,0.34903,11.3969
42.85,47.0,2.3816,-0.63565,381.0,0.0503438,24.657
35.7486,94.0,1.07599,-0.39535,556.0,1.36151,17.9257
33.5032,104.0,1.00934,-0.2127,550.0,0.112802,15.6312
35.5387,136.0,0.74599,-0.18985,574.0,0.315354,18.2264
39.9784,68.0,1.32835,-0.4046,722.0,1.59396,23.6232
34.7843,126.0,0.76855,-0.2027,548.0,0.659519,17.1225
30.5088,82.0,0.873415,-0.25025,592.0,0.892884,12.4698
37.1476,120.0,0.920415,-0.12935,628.0,0.619876,20.7544
37.733,65.0,1.70895,-0.46985,544.0,0.355227,20.5976
29.2069,60.0,1.24892,-0.3946,216.0,0.00555642,11.4117
35.7912,77.0,1.44065,-0.1446,544.0,0.925123,18.1958
30.9566,76.0,1.29873,-0.3874,216.0,0.000814357,12.9628
23.5402,89.0,0.753405,-0.1013,426.0,0.0581187,8.14846
40.389,59.0,1.96695,-0.4881,331.0,0.0905977,23.3755
25.9436,90.0,0.94626,-0.22495,274.0,0.000672284,9.49773
34.7555,61.0,1.58575,-0.2737,484.0,0.120234,16.3308
32.5523,89.0,1.14563,-0.1197,496.0,0.415183,14.6157
32.6511,120.0,1.08212,-0.17565,393.0,0.0104848,14.8375
41.252,43.0,2.39055,-0.705,400.0,0.0784346,21.9413
26.7631,109.0,0.656445,-0.21945,297.0,0.00208024,10.0401
39.2155,78.0,1.3182,-0.65815,464.0,0.125347,22.8261
37.7957,119.0,1.3595,-0.1415,617.0,0.280572,22.0012
36.564,114.0,0.8041,-0.18355,437.0,0.00547409,19.6568
41.9384,55.0,2.06985,-0.1967,666.0,1.2911,28.1465
39.102,80.0,1.4011,-0.32465,670.0,0.632669,22.9802
16.4106,69.0,0.566405,-0.11585,421.0,0.201416,4.85875
24.0608,112.0,0.61695,-0.1464,365.0,0.100256,8.43571
42.0238,53.0,1.86125,-0.3147,368.0,0.700032,25.6253
19.815,134.0,0.36455,-0.1183,436.0,0.0370608,6.34876
40.1319,65.0,1.7559,-0.26865,565.0,0.86498,27.1251
20.7543,76.0,0.65797,-0.176,356.0,0.0424318,6.75437
32.8965,134.0,0.763515,-0.10225,684.0,0.393065,15.0416
36.2753,76.0,1.1389,-0.51595,326.0,0.266345,18.1676
32.9881,176.0,0.8601,-0.1506,655.0,0.285615,15.2137
40.6,49.0,2.27145,-0.20565,443.0,0.124465,22.8564
37.494,146.0,0.779035,-0.2715,686.0,1.19246,21.6054
36.4593,87.0,0.9973,-0.16985,484.0,0.127172,19.0854
30.3485,98.0,1.17031,-0.2238,413.0,0.0186132,12.6181
31.4779,67.0,1.33837,-0.59455,172.0,8.02187e-05,13.0153
38.6188,66.0,1.72,-0.2629,563.0,1.33833,21.4357
10.9192,54.0,0.503865,-0.19629,158.0,4.29062e-05,2.92636
36.6339,123.0,1.29033,-0.16425,548.0,0.763073,19.8891
34.9619,55.0,1.84762,-0.4536,332.0,0.0254046,16.4593
38.9909,122.0,1.01245,-0.20375,564.0,0.61225,25.2335
36.0715,164.0,0.693555,-0.3446,616.0,0.585555,19.1935
38.8672,74.0,1.3216,-0.68565,562.0,0.828711,21.4654
43.6373,46.0,2.3966,-1.2884,268.0,0.0107728,25.673
24.0088,84.0,0.797625,-0.1073,409.0,0.0888096,8.36001
30.9854,79.0,1.03788,-0.38805,322.0,0.148769,13.0614
34.2037,135.0,0.998155,-0.2016,400.0,0.0047714,16.5462
30.5982,59.0,1.28304,-0.56675,180.0,0.000105868,12.2003
21.7624,71.0,0.705825,-0.28875,206.0,1.8241e-05,7.11364
29.8858,107.0,0.980475,-0.1851,342.0,0.0149204,12.2778
16.2543,71.0,0.563885,-0.14445,260.0,0.00296587,4.83732
29.2831,70.0,1.17621,-0.30035,318.0,0.0786134,11.6138
16.272,128.0,0.356055,-0.175285,339.0,0.0513426,4.87608
27.5476,89.0,0.9251,-0.2122,310.0,0.0351131,10.509
18.2245,87.0,0.47484,-0.166,270.0,0.0123082,5.64652
39.2106,54.0,1.8245,-1.4554,212.0,9.97175e-05,19.7223
21.5207,55.0,0.97116,-0.24875,318.0,0.0906536,6.9206
40.5396,60.0,1.9651,-0.4142,434.0,0.00851309,24.5662
38.2441,98.0,1.0737,-0.14175,610.0,0.195795,22.5971
34.413,60.0,1.35085,-0.6414,302.0,0.0336008,15.1941
40.9595,57.0,1.8051,-0.3666,557.0,1.64907,24.8682
43.8325,39.0,3.07915,-0.17255,385.0,0.0336364,28.8997
37.5097,68.0,1.6041,-0.3215,405.0,0.425492,20.095
29.4139,157.0,0.625705,-0.15285,548.0,0.0803302,11.9677
32.1475,65.0,1.18913,-0.4365,276.0,0.0104163,13.7277
33.4522,128.0,0.82316,-0.1439,621.0,1.28399,15.5077
33.5977,159.0,0.745625,-0.2159,457.0,0.182045,15.8491
35.354,190.0,0.968365,-0.1757,538.0,0.296802,18.1756
32.5756,110.0,1.01111,-0.21605,536.0,0.23065,14.752
39.0013,64.0,1.6242,-0.46435,303.0,0.00731767,20.8979
36.1882,82.0,1.19881,-0.40675,510.0,0.332541,18.2749
42.4248,35.0,3.06265,-1.95225,205.0,0.000210308,19.2304
32.9068,94.0,1.07925,-0.4914,330.0,0.0173402,14.7689
28.1129,90.0,0.741475,-0.4678,210.0,0.000583502,10.7972
39.6532,55.0,1.78965,-1.0494,243.0,0.00310101,20.9202
39.3664,66.0,1.60076,-0.65925,376.0,0.0836268,22.2592
10.443,83.0,0.28382,-0.10559,254.0,0.00135851,2.83273
30.5677,126.0,0.742525,-0.30265,651.0,1.27455,12.6612
40.7254,48.0,2.22545,-0.51525,524.0,0.617762,21.9645
14.8382,177.0,0.18877,-0.04625,792.0,0.903372,4.12251
39.4438,47.0,2.31205,-0.3885,368.0,0.0828831,21.1258
15.6696,93.0,0.465915,-0.1221,279.0,0.000827338,4.64091
19.9558,69.0,0.658555,-0.2635,229.0,0.0108322,6.30199
29.6254,56.0,1.47838,-0.30635,306.0,0.00913142,11.6889
32.5572,67.0,1.26641,-0.33095,314.0,0.0140179,14.0588
39.0425,68.0,1.3211,-0.26225,416.0,0.182252,21.728
40.7188,57.0,1.67325,-0.1743,499.0,0.60889,24.0866
22.43,182.0,0.371555,-0.35725,320.0,0.00923608,7.61203
23.3478,96.0,0.656295,-0.1421,502.0,0.30467,8.01052
45.6026,37.0,3.0945,-1.0258,201.0,0.00212852,25.5292
40.2424,52.0,2.12385,-0.1997,412.0,0.643365,22.4479
38.9748,77.0,1.34775,-0.08765,751.0,1.51566,22.6734
31.7362,120.0,0.80078,-0.2075,378.0,0.148106,13.8565
33.1873,108.0,0.91195,-0.15135,458.0,0.53572,15.2787
39.2741,65.0,1.6917,-0.43075,610.0,0.452528,22.3839
31.1824,149.0,0.532225,-0.175,643.0,1.81079,13.0839
22.4147,66.0,0.81286,-0.43575,224.0,4.28098e-05,7.32545
39.6367,104.0,1.45259,-0.27035,385.0,0.0467071,26.1105
21.884,169.0,0.558885,-0.53985,287.0,0.0588662,7.33288
37.2622,50.0,1.7308,-0.62275,403.0,0.0658074,17.5862
36.9956,85.0,1.6863,-0.29565,445.0,0.0521005,19.9518
19.8927,50.0,0.9345,-0.4415,134.0,0.00037557,6.1
42.0096,42.0,2.3857,-0.535,591.0,1.64805,21.731
33.6001,95.0,0.859805,-0.386,324.0,0.281982,15.4556
31.1076,70.0,0.8854,-0.58435,210.0,0.00208902,12.6587
29.4653,126.0,0.75196,-0.12575,546.0,0.396152,11.9068
38.2441,56.0,1.75735,-0.30575,574.0,0.270322,20.241
11.3497,196.0,0.099455,-0.06113,479.0,0.00557153,3.14006
43.3392,39.0,2.6981,-0.3941,484.0,1.18462,24.8099
14.4312,69.0,0.43462,-0.160575,262.0,0.00580774,4.14735
28.3776,83.0,0.85693,-0.2718,259.0,0.00239344,11.0266
14.5089,161.0,0.235805,-0.20325,278.0,7.34737e-05,4.22545
17.3883,118.0,0.49779,-0.0931,432.0,0.00768887,5.32373
28.0625,92.0,0.934565,-0.23325,275.0,5.58921e-05,10.8562
14.3571,186.0,0.19004,-0.075165,494.0,0.0832718,4.15269
39.9349,116.0,1.16055,-0.12345,753.0,0.792294,27.682
32.5289,94.0,1.0137,-0.1399,450.0,0.068856,14.6446
39.2353,77.0,1.33895,-0.24965,455.0,0.197473,23.4763
36.902,50.0,1.7238,-0.33205,657.0,1.73472,17.6839
31.9549,49.0,1.82864,-0.21975,556.0,0.788468,13.2486
12.9512,72.0,0.461875,-0.12899,239.0,0.000601986,3.64818
38.838,52.0,2.00235,-0.22975,517.0,0.390803,20.9854
32.8994,60.0,1.29255,-0.31005,472.0,0.223939,14.2046
41.2182,57.0,1.7988,-0.38845,578.0,0.916438,25.3431
43.2932,49.0,2.1902,-0.39535,416.0,0.101556,25.1063
39.4788,123.0,1.17709,-0.2653,625.0,0.622421,26.3966
21.3889,83.0,0.748225,-0.10265,385.0,0.0713432,7.04219
39.916,79.0,1.5742,-0.18025,575.0,0.78451,26.8595
37.144,113.0,1.0352,-0.4218,493.0,0.613111,20.8148
20.1874,137.0,0.31967,-0.13965,357.0,0.00306174,6.51097
25.6667,67.0,1.07112,-0.20155,268.0,2.73765e-05,9.19445
15.5262,131.0,0.3376,-0.143685,305.0,0.00062399,4.60364
27.5013,116.0,0.518085,-0.4005,298.0,0.00606766,10.4834
17.4481,100.0,0.40508,-0.16835,299.0,0.000442218,5.32727
28.8826,122.0,0.85262,-0.17505,433.0,0.0896733,11.563
24.4218,71.0,0.86925,-0.32775,216.0,0.00171294,8.48636
33.8466,103.0,0.970035,-0.4465,260.0,0.0204301,15.9192
30.3321,87.0,1.00033,-0.2478,338.0,0.0555633,12.535
38.4138,72.0,1.24635,-0.39015,403.0,0.213226,21.1749
30.4584,110.0,0.86478,-0.1294,471.0,0.298991,12.7396
34.8178,64.0,1.25446,-0.65515,216.0,0.000593484,15.8516
22.0368,79.0,0.750105,-0.26025,224.0,0.00269685,7.33188
26.6774,119.0,0.56696,-0.1529,425.0,0.206999,9.97308
39.1938,60.0,1.99493,-0.3112,342.0,0.103462,23.0658
32.0691,73.0,1.20655,-0.29985,258.0,0.000814655,13.8964
34.6425,100.0,1.15616,-0.21035,358.0,0.0608089,16.9657
16.8838,179.0,0.20238,-0.0371,837.0,1.76738,4.68723
38.1087,81.0,1.44355,-0.21005,686.0,1.28728,21.4373
39.8725,33.0,3.2385,-1.3393,250.0,0.0043244,16.8256
26.924,59.0,1.11674,-0.46025,174.0,0.000259227,9.77755
31.5735,88.0,0.88729,-0.1587,550.0,0.402476,13.5285
37.6149,177.0,1.08681,-0.24495,634.0,0.499232,21.8342
17.1963,89.0,0.43076,-0.17905,243.0,2.62211e-05,5.20909
40.0031,71.0,1.88366,-0.17095,519.0,0.644867,26.2014
34.1966,133.0,1.01343,-0.11065,725.0,1.44507,16.3091
31.2907,114.0,0.659345,-0.1586,491.0,0.0821052,13.4621
34.2702,136.0,1.19061,-0.1731,607.0,0.552812,16.5615
29.0393,79.0,0.93733,-0.17675,477.0,0.508122,11.4049
27.3852,78.0,1.03045,-0.2411,270.0,0.00346587,10.3425
37.1342,78.0,1.1096,-0.4846,249.0,0.00329627,19.5921
39.3274,43.0,2.4518,-0.64225,291.0,0.0106625,19.5053
40.009,122.0,1.07522,-0.19845,601.0,0.872846,27.3456
34.5907,57.0,1.59215,-0.2774,459.0,0.393718,15.8846
40.0877,56.0,2.62015,-0.27265,415.0,0.057858,25.1489
36.6768,63.0,1.55185,-0.2283,449.0,0.220105,18.654
40.9121,56.0,1.69645,-0.50935,424.0,0.181459,22.7053
26.0139,71.0,0.90903,-0.13055,340.0,0.00853972,9.47072
30.2288,53.0,1.4497,-0.32485,340.0,0.0646955,11.8889
37.6097,67.0,1.36462,-0.52525,518.0,0.305371,19.756
12.1545,136.0,0.26186,-0.0847,367.0,0.000845022,3.40727
21.1403,66.0,0.905,-0.1799,269.0,0.000775482,6.88273
30.9311,47.0,1.71732,-0.60965,161.0,0.000480127,12.0372
15.6836,126.0,0.4079,-0.13225,299.0,0.000255332,4.65909
37.8871,100.0,1.19994,-0.23235,523.0,0.762674,21.4646
31.1408,97.0,0.841265,-0.15135,412.0,0.0646504,13.2612
39.3481,87.0,1.3331,-0.18435,674.0,1.4333,25.1857
19.4647,87.0,0.592115,-0.1019,418.0,0.101462,6.15697
22.6539,107.0,0.53421,-0.22125,283.0,0.0219982,7.68496
31.9793,75.0,1.22994,-0.35715,395.0,0.0091269,13.7599
33.4214,167.0,0.63833,-0.21715,536.0,0.236196,15.7126
32.2864,180.0,0.50011,-0.0715,821.0,1.92295,14.1065
31.9434,158.0,1.08648,-0.1998,421.0,0.0106017,14.1658
30.9068,138.0,0.690815,-0.11345,605.0,1.55388,12.8833
47.8617,40.0,3.1103,-0.66195,438.0,0.0839697,32.261
27.8328,57.0,1.26604,-0.2362,341.0,0.0474676,10.5153
40.6307,52.0,2.3512,-0.21415,411.0,0.0209776,23.5713
13.0839,41.0,0.85647,-0.2839,121.0,0.000461853,3.52727
31.8381,57.0,1.7016,-0.6052,135.0,5.06952e-06,13.1807
32.6359,50.0,1.643,-0.7247,237.0,0.0116997,13.4571
35.6288,155.0,1.08396,-0.2203,608.0,0.370505,18.4134
40.3959,82.0,1.60384,-0.475,522.0,0.430139,25.9399
30.9152,81.0,0.83995,-0.2763,325.0,0.0186339,12.9021
32.4988,80.0,1.17098,-0.2898,342.0,0.0534861,14.344
41.6538,48.0,2.2042,-0.46685,440.0,0.189564,26.7972
27.5087,85.0,0.829405,-0.2032,359.0,0.0808236,10.4996
42.5135,58.0,1.8098,-0.17425,627.0,1.4194,29.728
26.7624,89.0,0.81636,-0.16755,359.0,0.0414145,10.017
28.5464,123.0,0.617135,-0.22925,349.0,0.0022049,11.2904
38.6885,118.0,0.91764,-0.1392,617.0,0.567892,23.9422
42.1775,85.0,1.75153,-0.242,556.0,0.284771,33.8769
29.0226,61.0,1.35782,-0.5666,184.0,0.000609132,11.2638
34.6839,66.0,1.40822,-0.54855,181.0,0.000225355,16.0126
39.411,51.0,2.12975,-0.39455,343.0,0.0565343,21.6767
35.1002,84.0,1.15745,-0.1821,607.0,0.435438,17.487
34.4884,60.0,1.33462,-0.72845,161.0,4.43698e-05,15.1115
31.253,61.0,1.23076,-0.2264,357.0,0.182582,12.9113
36.5147,78.0,1.38535,-0.29025,319.0,0.0451692,19.2172
38.4363,96.0,0.99835,-0.1702,559.0,0.469108,22.5653
34.1707,110.0,1.06178,-0.1302,570.0,0.769849,16.4042
36.3211,97.0,1.23214,-0.29415,359.0,0.0326634,19.1872
29.145,73.0,1.00918,-0.34195,246.0,0.000839692,11.3996
35.8001,157.0,0.8219,-0.21905,482.0,0.14296,18.8338
32.2226,66.0,1.1919,-0.1747,409.0,0.133757,13.909
33.1846,75.0,1.17612,-0.43575,218.0,0.00277389,14.8308
24.3927,70.0,0.874455,-0.1682,300.0,0.007658,8.52106
35.0675,65.0,1.45707,-0.44155,290.0,0.00293627,16.5089
32.3309,60.0,1.27192,-0.6522,220.0,0.00628672,13.44
39.0242,57.0,2.11137,-0.22,656.0,1.59445,22.0302
35.6796,157.0,1.22931,-0.1401,556.0,0.10624,18.6726
34.9985,52.0,1.598,-0.44565,629.0,0.431104,15.9975
27.1086,56.0,1.1681,-0.34775,387.0,0.178947,9.74098
21.5887,123.0,0.529385,-0.1276,427.0,0.236399,7.1296
35.0812,123.0,1.40356,-0.2272,483.0,0.0540689,17.6179
31.7977,76.0,1.07155,-0.13865,463.0,0.391435,13.6188
26.513,75.0,0.836905,-0.2085,390.0,0.373959,9.6646
23.0611,64.0,0.90948,-0.42375,207.0,5.87209e-06,7.58909
35.5607,82.0,1.29362,-0.21065,551.0,0.42134,17.7674
30.2903,64.0,0.98965,-0.3229,281.0,0.0188671,12.1348
40.9492,70.0,1.7594,-0.2134,600.0,0.748226,28.1131
43.0115,44.0,2.4507,-0.21605,560.0,0.950226,26.8588
33.3127,109.0,0.743935,-0.39315,328.0,0.00697653,15.357
30.4572,98.0,0.85538,-0.2443,356.0,0.0267553,12.6651
35.1362,124.0,0.7779,-0.20915,621.0,0.470136,17.7653
40.7922,56.0,2.0595,-0.5848,389.0,0.0235982,23.6047
27.5517,60.0,1.23074,-0.29375,258.0,0.000163022,10.314
39.5517,61.0,1.58295,-0.62355,528.0,0.338108,21.9128
38.5877,92.0,1.29952,-0.2382,486.0,0.188488,22.9677
31.9584,93.0,0.9265,-0.27935,334.0,0.0425011,14.0621
31.9309,102.0,0.756285,-0.27625,406.0,0.152982,13.9107
36.0276,75.0,1.18115,-0.39775,262.0,0.00665483,17.9628
30.4722,196.0,0.726265,-0.40595,542.0,0.655463,12.7374
34.9283,55.0,1.4878,-1.01655,248.0,0.012262,14.8594
37.9807,109.0,1.18782,-0.24815,583.0,0.39948,21.9098
32.885,78.0,1.15565,-0.28535,373.0,0.110289,14.9364
28.707,153.0,0.823915,-0.1503,453.0,0.0588173,11.4267
36.0915,149.0,0.950335,-0.15665,514.0,0.843489,19.1589
33.5995,65.0,1.2859,-0.2415,384.0,0.135475,15.0571
32.0799,132.0,0.71216,-0.17885,515.0,0.653711,14.1136
33.0012,142.0,0.67456,-0.19785,462.0,0.0743432,15.1603
39.0566,82.0,1.09745,-0.5432,347.0,0.155793,22.1134
29.9632,104.0,0.94745,-0.35645,416.0,0.0610445,12.3694
28.1066,134.0,0.66964,-0.14025,436.0,0.0502253,10.9819
39.4302,88.0,1.7708,-0.15365,620.0,0.837928,24.5735
29.8527,113.0,0.822475,-0.237,304.0,0.000290818,12.2509
25.8666,61.0,1.03584,-0.29645,220.0,0.000230162,9.22582
24.4705,75.0,0.72765,-0.36875,235.0,0.00951951,8.46114
30.0582,152.0,0.44904,-0.20855,514.0,0.41664,12.3735
33.7344,78.0,1.05265,-0.3614,303.0,0.00640187,15.3552
22.3538,78.0,0.696445,-0.10965,358.0,0.137575,7.46433
39.6724,85.0,1.24615,-0.17775,557.0,0.651487,25.4563
35.7116,127.0,0.979005,-0.21885,455.0,0.152664,18.6235
25.5088,62.0,1.03518,-0.34,250.0,0.00137821,8.97818
38.0674,148.0,0.81329,-0.4504,674.0,1.30648,22.2389
37.0763,63.0,1.5608,-0.15885,457.0,0.0732194,19.8872
33.0537,68.0,1.44884,-0.38555,339.0,0.00356539,14.6777
35.8117,127.0,0.871775,-0.47485,339.0,0.0824583,18.7745
36.1752,96.0,1.3373,-0.1683,425.0,0.190148,19.0194
22.4695,103.0,0.529135,-0.1004,415.0,0.0818997,7.58613
22.6515,71.0,0.77056,-0.14615,315.0,0.00103945,7.56545
24.3025,78.0,0.757935,-0.1369,404.0,0.23239,8.48569
32.3811,77.0,1.24306,-0.11135,563.0,0.379919,14.2944
35.9838,58.0,1.8217,-0.7774,591.0,0.772369,17.0992
19.0692,70.0,0.623815,-0.2645,185.0,0.00224052,5.95915
35.0359,115.0,0.888545,-0.1587,511.0,0.411482,17.5328
41.4074,58.0,1.98445,-0.30875,363.0,0.0165546,26.3846
38.3558,49.0,1.94955,-1.1628,185.0,0.00230164,18.6898
43.5393,46.0,2.28645,-0.42195,437.0,0.685517,27.7053
35.3304,101.0,1.0474,-0.29445,353.0,0.0666434,17.7099
34.7407,68.0,1.32085,-0.36745,428.0,0.075159,16.0757
37.7097,160.0,1.07344,-0.18755,579.0,0.419494,22.1647
30.1145,51.0,1.66574,-0.40085,234.0,0.00149495,11.6806
17.6975,60.0,0.72799,-0.11915,263.0,0.00235846,5.33278
36.1499,148.0,1.00157,-0.2533,472.0,0.0484577,19.3547
27.1596,87.0,0.984035,-0.11005,431.0,0.121757,10.2728
34.2145,58.0,1.67501,-0.4678,371.0,0.0390347,15.3769
30.5429,146.0,0.85524,-0.1345,525.0,0.12436,12.9114
31.113,176.0,0.55003,-0.1799,589.0,0.228187,13.4046
21.7681,116.0,0.620325,-0.1238,382.0,0.000587668,7.27273
26.9605,99.0,0.808055,-0.1448,405.0,0.0738369,10.2022
40.2644,54.0,1.8335,-0.4967,376.0,0.129157,21.6853
36.172,114.0,0.90124,-0.3015,450.0,0.191708,19.0587
44.21,47.0,2.56775,-0.68305,274.0,0.00569054,28.5635
36.3582,74.0,1.22175,-0.20065,611.0,1.85482,18.3868
31.6894,72.0,1.2428,-0.22025,412.0,0.0471059,13.4973
29.7386,159.0,0.686395,-0.14465,569.0,0.767953,12.0675
16.8871,81.0,0.461555,-0.1471,464.0,0.380707,4.99559
19.0914,137.0,0.31973,-0.08835,532.0,0.0342993,6.02248
40.9723,107.0,1.26807,-0.23015,410.0,0.0017195,29.82
38.8931,99.0,0.95065,-0.3113,397.0,0.00468684,23.393
38.3522,69.0,1.3714,-0.5944,382.0,0.0436627,20.7093
35.2563,75.0,1.4883,-0.1724,482.0,0.595769,17.541
35.7889,75.0,1.5668,-0.27005,520.0,0.57148,17.9507
28.2283,110.0,0.67325,-0.42825,234.0,4.33934e-05,11.0102
38.1705,88.0,1.40805,-0.45835,272.0,0.042741,21.5995
37.308,50.0,1.84565,-0.2561,388.0,0.153292,18.858
24.9593,106.0,0.609765,-0.0989,660.0,0.937039,8.75524
27.7408,86.0,0.723455,-0.47915,183.0,0.00252841,10.5414
33.5576,121.0,0.7227,-0.23715,492.0,0.204171,15.7702
32.2377,69.0,1.22135,-0.35425,260.0,0.00354994,13.7944
11.974,84.0,0.38113,-0.074695,394.0,0.0548022,3.32318
24.8922,44.0,1.42533,-0.2315,416.0,0.161395,8.40238
40.9289,61.0,1.60265,-0.3865,412.0,0.119345,25.1838
33.8249,163.0,0.767445,-0.14445,602.0,0.85433,15.9998
41.6971,45.0,2.41145,-0.3085,482.0,0.506121,23.3182
22.1998,66.0,0.82785,-0.40395,192.0,2.57326e-05,7.22636
32.3601,156.0,0.49252,-0.2722,566.0,0.0885247,14.438
41.0534,47.0,2.88465,-0.1625,623.0,1.64768,25.0611
39.8163,93.0,1.5664,-0.26885,484.0,0.0425441,25.8264
36.6194,87.0,1.33739,-0.3195,406.0,0.0352041,19.5735
38.9521,65.0,1.84439,-0.5695,543.0,0.274641,21.5737
34.3704,113.0,0.88365,-0.1642,561.0,0.742081,16.6364
38.4744,82.0,1.23845,-0.1576,691.0,1.67639,21.991
39.1995,73.0,1.70031,-0.3015,414.0,0.0230816,23.4229
27.952,70.0,0.921415,-0.2011,288.0,0.00143712,10.6446
36.3025,83.0,1.44175,-0.18135,564.0,0.384925,18.9868
37.4263,133.0,1.20547,-0.967,568.0,0.545845,21.5209
22.2586,82.0,0.724685,-0.1822,323.0,0.0410343,7.45711
36.3681,160.0,0.8901,-0.2618,548.0,0.0910443,19.6596
37.8953,54.0,2.14444,-0.1671,389.0,0.128764,20.5203
40.8257,45.0,2.29255,-0.242,504.0,0.130739,22.6062
32.2617,96.0,0.98135,-0.1384,482.0,0.0734409,14.4422
32.4278,88.0,1.16693,-0.2922,319.0,0.0103181,14.3708
38.2272,70.0,1.63636,-0.2877,451.0,0.0812596,21.3031
37.2891,50.0,2.03155,-0.17165,586.0,1.17989,19.1049
38.0399,78.0,1.1979,-0.4934,320.0,0.0501753,20.4472
16.4604,67.0,0.593575,-0.21535,192.0,0.000332579,4.89182
33.3274,59.0,1.457,-0.3612,309.0,0.00934568,14.3523
42.342,73.0,1.9007,-0.09435,819.0,1.56925,33.2379
30.8508,100.0,1.03477,-0.234,320.0,0.0255642,13.0519
40.4599,55.0,1.92935,-0.328,689.0,1.69266,23.286
24.8762,75.0,0.993065,-0.22695,271.0,0.0207849,8.82412
38.9354,99.0,1.334,-0.25905,390.0,0.00353781,24.1671
30.2872,67.0,1.1244,-0.21075,351.0,0.0737345,12.2838
34.2896,75.0,1.15182,-0.5388,281.0,0.0020934,15.7503
35.1993,153.0,0.941815,-0.1928,472.0,0.0850092,17.9397
20.5748,116.0,0.42965,-0.1492,328.0,0.00169997,6.68909
30.9966,120.0,1.03813,-0.30735,467.0,0.190187,13.2889
35.3169,128.0,0.88941,-0.17685,581.0,1.55372,17.6756
29.3573,111.0,0.61094,-0.1335,444.0,0.0130789,11.8266
20.9909,46.0,1.22585,-0.2478,231.0,0.00105458,6.60727
22.6237,80.0,0.78627,-0.11885,365.0,0.0551691,7.65286
37.2588,113.0,0.9787,-0.0978,733.0,1.01743,20.8907
13.0113,69.0,0.54498,-0.09302,272.0,9.4969e-05,3.67545
33.5097,52.0,1.5392,-0.4026,402.0,0.247932,14.2724
34.6023,63.0,1.45759,-0.17835,408.0,0.289143,16.3304
18.9367,71.0,0.59285,-0.24545,326.0,0.0154441,5.92658
37.1193,72.0,1.3499,-0.1636,416.0,0.0868633,20.2573
35.2006,121.0,1.40956,-0.33445,293.0,5.05674e-05,17.7291
13.9743,68.0,0.55663,-0.14875,243.0,1.59419e-06,3.96727
25.096,92.0,0.763565,-0.176,316.0,0.00398394,9.02917
30.0718,71.0,1.14352,-0.42025,206.0,0.00600914,12.1257
36.6371,86.0,1.52996,-0.1729,414.0,0.0723023,19.7343
19.9373,88.0,0.574435,-0.1945,250.0,0.000203309,6.36545
30.322,136.0,0.653235,-0.25145,458.0,0.110398,12.633
40.6918,79.0,2.18175,-0.1733,519.0,0.0565422,27.9193
32.7713,160.0,0.705045,-0.2206,534.0,0.418876,14.9705
27.4284,109.0,0.93476,-0.23785,650.0,1.12751,10.2895
18.1484,83.0,0.552475,-0.0643,499.0,0.186679,5.57622
27.4709,77.0,0.940465,-0.22845,310.0,0.0117909,10.369
30.9703,72.0,1.0388,-0.2389,362.0,0.01102,13.2159
33.311,92.0,1.48149,-0.19815,534.0,0.242733,15.3572
37.7393,78.0,1.48477,-0.35235,554.0,0.462968,20.8437
40.2325,40.0,2.3454,-0.4471,746.0,0.804577,20.6239
24.2257,76.0,0.97109,-0.25475,234.0,0.00139093,8.45909
37.0544,87.0,1.28126,-0.3092,351.0,0.0996753,20.1669
41.0627,102.0,1.42795,-0.104,796.0,1.8962,30.5646
35.2045,133.0,1.24998,-0.14,577.0,0.227383,17.8936
33.0041,196.0,0.66743,-0.14785,552.0,0.0515515,15.2916
38.2416,114.0,0.871645,-0.28095,587.0,0.446383,22.3865
30.2737,72.0,1.10412,-0.41105,195.0,0.00123866,12.2579
31.6937,119.0,1.09765,-0.1912,348.0,0.0149598,13.9057
37.7535,169.0,1.0635,-0.19425,672.0,0.76988,22.3123
41.632,48.0,2.55372,-0.364,323.0,0.0712861,25.9543
23.3549,67.0,0.85991,-0.2135,348.0,0.00190312,7.89371
35.2348,75.0,1.20123,-0.59525,542.0,0.549215,16.8219
43.0431,55.0,2.43625,-0.38765,715.0,1.56869,30.0132
42.47,55.0,2.16865,-0.2632,368.0,0.0737073,29.0742
33.0033,138.0,0.85357,-0.15785,581.0,0.131433,15.2651
39.6653,125.0,1.16436,-0.2407,398.0,0.000677038,26.4035
33.4397,139.0,0.663875,-0.18825,521.0,0.308149,15.6383
39.894,98.0,1.09075,-0.48825,386.0,0.0394365,25.4845
37.6856,79.0,1.67176,-0.1361,619.0,1.16461,20.9883
26.1539,82.0,0.92627,-0.1693,300.0,0.00378142,9.60836
39.5432,104.0,1.40486,-0.21865,631.0,0.859515,26.3183
37.4091,69.0,1.3448,-0.44105,311.0,0.0459009,19.8116
11.3648,81.0,0.356975,-0.08332,315.0,0.000390253,3.13273
43.3412,41.0,2.58345,-0.2878,696.0,1.02763,25.2737
38.0102,65.0,1.33285,-0.30285,626.0,1.3512,19.8425
39.6042,67.0,1.3853,-0.39845,736.0,1.12598,22.475
36.4707,61.0,1.4813,-0.3708,324.0,0.00182321,17.3506
22.2059,93.0,0.605165,-0.1322,334.0,0.0621133,7.45388
24.576,151.0,0.582505,-0.2455,420.0,0.0747347,8.75713
37.6768,73.0,1.6748,-0.15495,572.0,0.246148,21.1464
14.3035,62.0,0.57222,-0.10975,254.0,0.00947434,4.09557
38.1253,99.0,1.75307,-0.16275,568.0,0.950887,22.7277
23.6141,98.0,0.63137,-0.2313,256.0,0.00254409,8.18189
37.7082,137.0,0.6822,-0.16995,682.0,0.727941,21.819
33.585,134.0,0.869295,-0.1679,738.0,1.87271,15.4405
38.1198,88.0,1.3214,-0.34095,528.0,0.413358,21.8135
30.1719,132.0,0.610875,-0.2213,563.0,0.579469,12.4654
34.8913,87.0,1.3938,-0.15135,390.0,0.0118125,17.1987
23.7662,81.0,0.720865,-0.30375,244.0,0.00344302,8.2128
40.3946,64.0,1.69898,-0.72065,341.0,0.107811,24.557
27.3535,64.0,1.06429,-0.43935,173.0,0.00377525,10.1609
24.2601,78.0,0.94947,-0.285,213.0,1.42295e-05,8.47909
25.8882,60.0,1.09753,-0.28805,282.0,0.0052687,9.17727
30.4758,125.0,0.634435,-0.13215,610.0,1.13793,12.5664
36.967,78.0,1.28375,-0.167,503.0,0.32634,19.8169
32.0735,71.0,1.45606,-0.16275,630.0,1.28981,13.7582
35.8406,55.0,1.86871,-0.3107,473.0,0.240936,17.4027
38.8942,84.0,1.38005,-0.39875,621.0,0.760277,22.4755
36.8557,109.0,1.02708,-0.2415,491.0,0.51907,19.9832
28.9432,90.0,0.82547,-0.27025,315.0,0.0239272,11.4396
34.9076,65.0,1.3504,-0.29535,382.0,0.140211,16.3391
34.3223,143.0,1.00174,-0.12985,664.0,0.804596,16.6678
30.8473,89.0,1.34267,-0.26285,405.0,0.0806515,12.9723
15.6199,60.0,0.611625,-0.1175,420.0,0.13727,4.54153
35.5811,63.0,1.53675,-0.1258,472.0,0.400216,17.6163
36.6058,86.0,1.46676,-0.3392,531.0,0.577139,19.3963
41.8916,53.0,2.0241,-0.5471,557.0,0.615865,25.0324
31.376,100.0,1.03438,-0.2044,324.0,0.000893687,13.6236
33.2814,115.0,0.75701,-0.3931,287.0,0.00114505,15.3558
39.8394,113.0,1.20277,-0.2002,679.0,1.36858,26.4465
15.4328,74.0,0.497245,-0.11695,314.0,0.054118,4.51152
27.1702,94.0,0.795835,-0.11625,682.0,1.45575,9.9781
34.6567,94.0,1.26784,-0.13995,554.0,0.226643,16.8959
14.8849,67.0,0.533905,-0.1386,252.0,0.0206127,4.31205
29.3002,96.0,0.89295,-0.26105,339.0,0.0555365,11.8566
35.2963,166.0,0.66077,-0.1707,724.0,1.02168,17.866
24.2804,56.0,1.1018,-0.3941,168.0,0.000928169,8.31364
28.8198,69.0,1.24257,-0.2167,334.0,0.00639247,11.2464
19.3098,71.0,0.623065,-0.252,259.0,0.026582,6.02129
36.1519,149.0,1.09736,-0.16865,574.0,0.809109,19.2095
29.1568,53.0,1.3151,-0.38625,270.0,0.00144968,11.0381
37.2073,172.0,1.22153,-0.21155,622.0,0.580111,21.005
37.4273,154.0,1.18614,-0.2652,649.0,1.92599,21.0917
40.4579,44.0,2.98832,-0.34485,682.0,1.28975,22.4804
38.5492,46.0,1.9674,-0.99085,543.0,0.934345,18.5134
35.3892,75.0,1.10438,-0.47615,499.0,0.194338,17.1129
13.2132,69.0,0.44769,-0.13641,283.0,0.0367542,3.72852
36.3444,104.0,1.05085,-0.1613,493.0,0.195006,19.5302
33.5725,92.0,0.89326,-0.30785,495.0,0.517301,15.3666
38.7132,120.0,0.9844,-0.1618,706.0,1.70844,24.7173
37.7377,68.0,1.71075,-0.18135,674.0,0.923517,20.8573
39.1116,68.0,1.8845,-0.50145,222.0,0.000772694,21.8613
35.0348,98.0,0.976915,-0.30615,470.0,0.392837,17.2093
28.6262,97.0,0.740665,-0.2448,326.0,0.145433,11.2947
34.0006,67.0,1.42649,-0.3634,264.0,0.00905324,15.597
31.5635,51.0,1.5625,-0.65925,223.0,0.00313715,12.7415
37.809,50.0,2.0916,-0.3984,343.0,0.208304,19.2398
39.2853,71.0,1.48825,-0.4319,322.0,0.00391016,22.3735
10.8991,84.0,0.297385,-0.1138,261.0,0.000332282,2.97636
18.3754,71.0,0.664635,-0.1596,280.0,0.00466854,5.69278
31.1177,68.0,1.0153,-0.32705,606.0,0.82236,12.7019
40.3193,67.0,1.3864,-0.1382,472.0,0.839446,24.7284
28.9129,152.0,0.812035,-0.6678,409.0,0.0129803,11.6108
38.8097,79.0,1.15625,-0.4741,374.0,0.0221816,21.5536
38.8334,80.0,1.33025,-0.5906,499.0,0.345556,22.711
32.8042,87.0,1.07246,-0.26485,340.0,0.0692492,14.7856
11.1101,63.0,0.43254,-0.12071,232.0,0.00201591,3.02366
36.4328,143.0,1.18193,-0.71025,533.0,0.367865,19.87
39.8088,60.0,1.74675,-0.19165,542.0,0.375479,22.8761
14.3677,121.0,0.283025,-0.0743,410.0,0.000889253,4.16909
39.4951,63.0,1.5407,-0.6695,561.0,0.578114,21.9869
39.0115,76.0,1.72841,-0.32495,641.0,0.648127,23.5943
21.4906,168.0,0.394715,-0.11785,720.0,1.58948,6.77991
22.3288,100.0,0.491175,-0.117,577.0,0.614726,7.40404
40.9076,65.0,1.58415,-0.7822,241.0,0.00416307,24.2587
34.8583,154.0,1.04973,-0.1976,439.0,0.00666416,17.4793
33.9226,102.0,0.886095,-0.1554,444.0,0.0850713,16.1256
34.544,94.0,1.08125,-0.11305,647.0,0.280278,16.7882
20.3605,80.0,0.625935,-0.18035,449.0,0.178475,6.53473
40.4981,33.0,3.51435,-0.2166,543.0,0.751452,21.9947
36.1907,108.0,1.03141,-0.256,352.0,0.004464,19.0184
21.2576,102.0,0.59424,-0.1706,372.0,0.0127518,7.00116
32.8537,80.0,1.15861,-0.2255,304.0,0.0193625,14.6898
36.21,86.0,1.55598,-0.31815,340.0,0.0682037,18.7702
36.0299,77.0,1.28293,-0.3527,331.0,0.0127258,18.2228
23.4302,66.0,0.82488,-0.2852,222.0,0.0033326,7.96825
32.5199,180.0,0.73128,-0.20955,446.0,0.0687862,14.754
20.963,87.0,0.546155,-0.1845,327.0,0.0688844,6.83664
36.202,63.0,1.5302,-0.18005,575.0,0.384831,18.2088
39.5325,78.0,1.52435,-0.4073,322.0,0.00159542,24.7477
22.5428,58.0,0.86717,-0.38975,265.0,0.0103602,7.38747
18.5062,72.0,0.594075,-0.197,302.0,8.58765e-05,5.66727
35.2237,108.0,1.14235,-0.39165,304.0,0.00103044,17.5515
26.8276,99.0,0.93575,-0.40165,446.0,0.732551,9.96585
22.1448,57.0,0.892585,-0.3121,316.0,0.035622,7.1461
36.8591,52.0,1.9622,-0.3029,367.0,0.0378965,18.1263
27.6383,100.0,0.61722,-0.22,500.0,0.473285,10.4745
36.8209,60.0,1.67032,-0.33415,407.0,0.104933,18.7716
10.561,53.0,0.488725,-0.19846,144.0,3.38479e-05,2.80273
37.2211,79.0,1.49674,-0.33685,360.0,0.0668409,20.0583
36.0319,125.0,1.02929,-0.1907,669.0,0.916383,18.7956
32.187,102.0,1.08652,-0.1611,573.0,0.114808,14.3383
28.1144,119.0,0.69951,-0.11435,549.0,0.486428,10.8936
33.6035,69.0,1.1058,-0.3073,516.0,0.683449,14.8277
46.4552,33.0,3.6608,-0.90985,343.0,0.0163709,27.1062
32.8606,140.0,0.924245,-0.36625,435.0,0.0275431,15.1619
33.0558,76.0,1.33014,-0.17065,494.0,0.32654,14.9331
14.775,95.0,0.4084,-0.10065,330.0,0.00492735,4.31004
29.4596,57.0,1.43859,-0.46655,252.0,0.00746298,11.4735
20.4176,82.0,0.70497,-0.12943,281.0,0.00350449,6.61551
31.3851,81.0,0.987745,-0.4894,196.0,0.000345489,13.1994
44.8415,45.0,2.5143,-0.4977,284.0,0.0376409,28.9048
36.2926,51.0,1.92069,-0.3861,528.0,0.177806,17.4457
31.9598,121.0,0.944775,-0.13065,501.0,0.225954,14.1341
18.9052,55.0,0.83908,-0.11056,285.0,0.000801536,5.78818
37.8389,72.0,1.35095,-0.43165,314.0,0.00705647,20.3286
34.265,72.0,1.00315,-0.5094,296.0,0.0113461,15.5555
20.287,55.0,0.95135,-0.389,136.0,5.99548e-06,6.37091
33.607,63.0,1.3159,-0.48075,348.0,0.111861,14.6676
23.0675,141.0,0.451195,-0.08815,656.0,0.984391,7.71089
34.5563,59.0,1.5041,-0.44845,231.0,0.0115264,15.9277
40.9321,55.0,1.98205,-0.25045,362.0,0.157447,24.6987
35.7199,63.0,1.5443,-0.1222,607.0,0.626066,18.298
20.1356,169.0,0.32614,-0.0898,531.0,0.022929,6.50138
41.1433,56.0,2.12995,-0.21715,504.0,0.114032,26.8972
37.3281,57.0,1.5571,-0.6308,304.0,0.0383288,17.9479
34.7663,137.0,0.88221,-0.1318,681.0,0.622845,17.2129
34.3183,185.0,0.829465,-0.2107,483.0,0.116829,16.7771
36.1508,107.0,1.29883,-0.14355,522.0,0.306691,19.0642
37.1315,107.0,1.58686,-0.1167,684.0,1.35434,20.8068
39.3666,70.0,1.30186,-0.5875,302.0,0.0394036,22.1762
36.2299,85.0,1.30622,-0.26025,681.0,1.93472,18.5938
40.9079,114.0,1.1741,-0.40395,570.0,0.890817,29.3347
35.6958,138.0,0.72325,-0.3135,514.0,0.372198,18.4667
36.4141,67.0,1.2743,-0.8158,173.0,0.000817424,17.6393
31.4262,97.0,0.748745,-0.27,402.0,0.0469742,13.4149
32.0689,116.0,0.73964,-0.19465,545.0,0.598233,14.1462
36.1168,146.0,0.88371,-0.1876,515.0,0.246077,19.2426
37.0518,191.0,0.86612,-0.1032,732.0,1.32814,20.8078
36.9601,51.0,1.8959,-0.51665,283.0,0.0628608,17.6769
33.9394,50.0,1.8715,-0.3053,298.0,0.0351046,15.0875
44.2362,53.0,2.17015,-0.31715,382.0,0.413025,32.8842
23.457,49.0,1.26103,-0.40805,171.0,0.00127959,7.73545
27.9902,109.0,0.59171,-0.17065,589.0,1.76388,10.4598
28.5383,110.0,0.762675,-0.21185,326.0,0.00127098,11.242
31.4447,200.0,0.73784,-0.13105,644.0,0.82931,13.5631
32.5907,161.0,0.6216,-0.5169,345.0,0.0815271,14.8432
16.4943,59.0,0.63669,-0.28435,275.0,0.00638904,4.82827
40.8076,59.0,1.5634,-0.5438,564.0,0.702675,23.7566
37.5807,64.0,1.46705,-0.57485,301.0,0.00555449,19.3532
33.6623,92.0,1.11461,-0.4043,269.0,0.00192504,15.7223
27.7996,86.0,0.7021,-0.25625,361.0,0.0115424,10.5528
31.6416,51.0,1.4893,-0.36675,282.0,0.0460974,12.948
22.6761,79.0,0.625995,-0.15705,339.0,0.0876019,7.6444
41.8434,56.0,2.24565,-0.2532,347.0,0.000166831,27.6759
34.0759,135.0,0.833675,-0.23355,640.0,1.77422,16.0915
24.4744,61.0,1.1632,-0.2958,199.0,0.00274186,8.50826
22.4859,96.0,0.61446,-0.10575,540.0,0.532606,7.49442
27.553,58.0,1.43623,-0.1594,361.0,0.0430501,10.4222
19.2765,67.0,0.70259,-0.26415,235.0,0.00104286,6.01818
26.8786,60.0,1.00631,-0.2674,363.0,0.0470463,9.76415
35.469,108.0,1.13061,-0.57965,471.0,0.232121,18.1609
41.661,44.0,2.6941,-0.25175,617.0,0.551442,25.5228
32.3989,171.0,0.908525,-0.1325,570.0,0.0717341,14.6396
34.5199,96.0,0.90505,-0.1857,442.0,0.791154,16.6066
18.9162,80.0,0.52048,-0.1683,331.0,0.000767033,5.87818
33.5062,115.0,0.74195,-0.31365,407.0,0.338683,15.6844
36.8618,102.0,1.6057,-0.1933,722.0,1.64227,19.857
18.1803,72.0,0.731645,-0.1823,237.0,0.000157738,5.60909
37.5057,51.0,1.9223,-0.378,606.0,0.445969,18.9622
28.0004,91.0,0.871665,-0.16555,443.0,0.174565,10.8029
43.9529,37.0,3.23425,-0.2796,584.0,0.903597,26.2271
17.5573,123.0,0.461875,-0.09545,406.0,0.00260341,5.39459
35.5228,44.0,1.97115,-1.24205,199.0,0.0006045,14.4965
39.184,113.0,1.29357,-0.19705,615.0,0.929245,25.1066
26.0503,76.0,0.68083,-0.4276,298.0,0.0102916,9.38971
29.7467,85.0,1.09553,-0.12815,547.0,0.322379,12.1404
34.8891,187.0,0.64655,-0.13195,625.0,0.415455,17.5052
17.3339,138.0,0.37502,-0.16385,442.0,0.132196,5.27718
26.4148,81.0,0.93544,-0.2065,342.0,0.0200679,9.7478
38.1881,80.0,1.56725,-0.2201,545.0,0.674015,22.2529
34.9256,137.0,1.23751,-0.2007,425.0,0.0344068,17.5265
25.3527,78.0,0.979245,-0.1955,491.0,0.201148,9.14366
40.9048,42.0,2.57795,-0.69955,281.0,0.0379145,21.1148
28.7901,65.0,1.17495,-0.2324,290.0,0.0192399,11.1669
36.3959,221.0,0.844725,-0.15815,654.0,0.514503,19.8055
28.5236,167.0,0.6131,-0.19565,403.0,0.00598944,11.3047
32.7075,147.0,0.67431,-0.18175,712.0,0.710787,14.7564
35.5,110.0,1.32208,-0.24795,323.0,0.0223625,18.1235
37.7459,179.0,1.34773,-0.2577,514.0,0.722099,22.0938
41.228,53.0,2.0705,-0.287,327.0,0.00279053,23.5646
39.1184,71.0,1.601,-0.43735,275.0,0.00053718,22.7046
28.7031,182.0,0.73052,-0.18775,430.0,0.0282842,11.4381
37.8192,74.0,1.463,-0.1704,388.0,0.0992713,21.2823
31.1089,127.0,0.77312,-0.22775,461.0,0.350742,13.3288
40.5135,49.0,2.36685,-0.4651,665.0,0.551209,22.5569
42.7732,42.0,2.6956,-0.3591,432.0,0.220628,23.4381
36.5285,64.0,1.62665,-0.1666,529.0,0.308197,18.6728
38.3175,76.0,1.15425,-0.449,299.0,0.00039685,20.7757
45.575,46.0,2.8057,-0.3917,405.0,0.0630067,35.0507
21.3382,77.0,0.68041,-0.1921,274.0,0.00239096,6.99734
34.3049,62.0,1.5905,-0.12935,581.0,1.45877,15.9905
37.6853,125.0,0.828615,-0.5143,388.0,0.0312633,21.21
31.9642,72.0,1.0237,-0.54795,369.0,0.0551741,13.5124
14.2092,76.0,0.440635,-0.1229,258.0,0.00618295,4.0828
28.6828,101.0,0.7984,-0.26795,334.0,0.0871669,11.3278
30.9083,75.0,0.9563,-0.2589,480.0,0.220007,12.7041
29.7168,119.0,1.02119,-0.15505,424.0,0.00841889,12.1586
20.7195,81.0,0.627645,-0.1935,263.0,4.73612e-05,6.70364
37.9905,56.0,1.65412,-0.77955,471.0,0.134134,19.0125
38.9958,69.0,1.50643,-0.2903,506.0,0.320945,22.4138
39.6288,90.0,1.2759,-0.3143,415.0,0.386039,25.4299
38.6745,58.0,1.89215,-0.1102,573.0,0.324831,21.671
33.1053,81.0,0.926905,-0.6463,278.0,0.000277476,14.4714
37.7761,68.0,1.55098,-0.5043,299.0,0.00443466,20.2779
44.5399,43.0,2.484,-0.23585,378.0,0.745245,28.6299
32.7297,68.0,1.3063,-0.26055,318.0,0.0323047,14.6157
28.5238,135.0,0.708155,-0.18015,384.0,0.0873365,11.2719
38.3803,82.0,1.52665,-0.1559,594.0,1.04265,22.2183
41.6505,46.0,2.39565,-0.1892,409.0,0.122914,24.4868
38.6449,83.0,1.6921,-0.13595,653.0,0.426762,22.6495
34.3433,88.0,0.91735,-0.3104,415.0,0.021261,16.1789
34.3028,98.0,1.41899,-0.127,576.0,0.224894,16.5264
37.8823,71.0,1.91975,-0.22835,513.0,0.0851018,21.2728
31.3708,118.0,0.8113,-0.3043,618.0,0.523983,13.5716
32.4873,123.0,0.68811,-0.2547,405.0,0.0924284,14.5704
38.7568,90.0,1.40334,-0.36835,535.0,0.798138,22.8175
34.0109,156.0,0.80512,-0.2439,398.0,0.0250784,16.3706
39.7272,183.0,1.35948,-0.24005,472.0,0.00895224,27.4823
39.0615,95.0,1.43109,-0.32825,438.0,0.113632,23.8986
30.3292,202.0,0.66446,-0.154,551.0,0.375092,12.6718
34.679,81.0,1.21925,-0.1854,409.0,0.124727,16.761
22.8933,68.0,0.76918,-0.2793,235.0,0.0227082,7.66587
34.0371,74.0,1.09043,-0.53845,303.0,0.0737771,15.5175
37.5611,214.0,0.82133,-0.1758,695.0,1.23829,21.8406
36.3009,101.0,0.9689,-0.38585,535.0,0.489612,18.7811
42.8017,40.0,3.0457,-0.9532,474.0,0.0467068,23.494
35.8154,64.0,1.6407,-0.4829,364.0,0.0108495,17.4534
38.1487,67.0,1.75722,-0.4652,314.0,0.00413998,20.9146
40.1021,61.0,1.7036,-0.6751,237.0,0.000497415,22.5675
33.5525,82.0,1.1039,-0.22205,636.0,1.09319,15.4304
27.4847,151.0,0.579165,-0.1444,489.0,0.194082,10.5231
17.8316,69.0,0.821045,-0.09685,331.0,0.000697034,5.47636
16.3517,88.0,0.475725,-0.13505,285.0,0.0013499,4.89182
35.9749,58.0,1.653,-0.42635,248.0,0.00134194,17.1361
36.4682,42.0,2.17359,-0.37165,383.0,0.0394252,16.8131
40.9676,47.0,1.94245,-0.98985,678.0,1.40644,21.732
23.7275,90.0,0.752315,-0.12225,432.0,0.156093,8.21495
30.2349,90.0,0.8344,-0.14505,362.0,0.221553,12.4205
40.0074,61.0,1.59735,-0.1552,553.0,0.452659,22.8663
29.663,52.0,1.46779,-0.34635,446.0,0.0932755,11.5791
30.7011,116.0,0.745035,-0.23465,437.0,0.0921809,12.9445
20.2518,80.0,0.620865,-0.19935,255.0,0.00112375,6.52
39.7694,49.0,2.2711,-1.15035,243.0,0.025621,20.2747
32.3446,102.0,1.15255,-0.23985,307.0,0.0128252,14.4194
38.2914,59.0,1.8312,-0.14715,488.0,0.298602,21.7482
28.6002,62.0,1.05625,-0.28915,283.0,0.00209707,10.8153
27.06,99.0,0.579225,-0.2456,465.0,0.518371,10.0549
39.7172,90.0,1.47816,-0.5484,438.0,0.107664,25.4569
34.5241,75.0,1.41773,-0.50555,368.0,0.0422219,16.3804
32.2512,91.0,1.04925,-0.20265,566.0,0.768161,14.253
39.5273,63.0,1.7124,-0.80055,269.0,0.00307016,22.0453
40.857,63.0,1.7579,-0.35105,537.0,0.109466,27.0804
37.6173,92.0,1.1271,-0.1508,619.0,1.38392,21.2387
38.5298,82.0,1.19875,-0.1151,672.0,1.93627,22.3864
38.7296,117.0,0.9825,-0.2417,560.0,0.169753,24.0826
41.7991,42.0,2.47465,-1.1977,348.0,0.0187782,21.7704
40.7812,41.0,2.57135,-0.9387,286.0,0.00157559,20.2681
43.2334,62.0,1.77645,-0.16605,704.0,1.55839,32.3639
27.7387,70.0,1.11232,-0.24645,347.0,0.0534829,10.5477
40.8784,49.0,2.07785,-0.3102,328.0,0.0191125,22.5069
32.3989,80.0,1.50345,-0.25925,314.0,0.0304351,14.3348
41.2927,75.0,1.45415,-0.1718,573.0,1.12041,27.9631
30.1818,122.0,0.91894,-0.2146,344.0,0.00850152,12.5435
31.2664,62.0,1.35907,-0.29015,304.0,0.0188829,13.0086
37.9475,105.0,1.22004,-0.18075,585.0,1.01504,21.7683
38.3283,46.0,2.2126,-1.03685,346.0,0.00840431,18.2414
30.5721,98.0,0.736245,-0.38035,282.0,0.015899,12.7146
35.2214,96.0,1.27952,-0.3748,267.0,0.000985112,17.4
36.2138,79.0,1.26839,-0.37445,327.0,0.00267316,18.3479
40.9481,57.0,1.75015,-0.5602,371.0,0.251819,23.2878
35.08,85.0,1.47708,-0.22055,680.0,1.2272,17.0896
46.4826,45.0,2.76115,-0.9093,262.0,0.00172305,31.2013
38.3125,102.0,1.09241,-0.21605,489.0,0.0992188,23.0784
36.331,140.0,0.909295,-0.331,491.0,0.129463,19.4051
24.516,80.0,0.734675,-0.23465,293.0,0.0890627,8.63097
39.5203,84.0,1.2751,-0.16935,669.0,1.90881,24.2473
27.556,62.0,1.17749,-0.1747,322.0,0.0233951,10.355
38.6399,85.0,1.89239,-0.24465,519.0,0.0320539,22.886
23.1437,88.0,0.62551,-0.31685,216.0,0.00110076,7.90545
33.6027,80.0,0.94665,-0.49575,276.0,0.00175022,15.1398
36.2239,130.0,0.8435,-0.17895,604.0,1.79344,19.1303
38.0163,125.0,0.900735,-0.3133,409.0,0.043352,22.4023
30.4414,63.0,1.24513,-0.4284,214.0,0.00339101,12.2056
44.0308,51.0,2.4643,-0.5431,677.0,0.686224,31.9026
22.4646,63.0,1.00149,-0.28125,259.0,0.000417656,7.47
35.0775,126.0,1.3589,-0.1818,457.0,0.189504,17.6768
29.609,112.0,1.00551,-0.16705,485.0,0.433803,12.048
35.8871,84.0,1.24785,-0.30485,464.0,0.160623,18.1964
34.8641,60.0,1.52915,-0.16275,340.0,0.00931578,16.4568
41.5041,38.0,2.9318,-0.2466,450.0,0.200281,23.4736
35.0958,99.0,1.12599,-0.1865,677.0,1.4179,17.1979
40.1756,112.0,1.45525,-0.21705,593.0,0.181519,28.2737
35.4047,79.0,1.00555,-0.24195,456.0,0.295385,17.2675
32.0953,77.0,1.11475,-0.18195,633.0,1.57927,13.8418
40.0462,72.0,1.67887,-0.14405,567.0,0.820742,26.0151
21.3772,127.0,0.43549,-0.1623,331.0,0.00834342,7.07376
41.003,79.0,1.526,-0.2006,536.0,0.312551,29.0003
25.8214,84.0,0.79129,-0.25755,244.0,1.71876e-05,9.37473
25.4882,96.0,0.669705,-0.15645,380.0,0.0445097,9.22964
32.6636,83.0,1.03064,-0.29225,317.0,0.171447,14.548
30.0801,94.0,0.98558,-0.2582,475.0,0.352927,12.2772
31.2603,207.0,0.99064,-0.1326,698.0,0.412178,13.4796
35.3483,143.0,0.89774,-0.13025,659.0,1.422,17.9296
41.3774,64.0,1.72065,-0.55875,373.0,0.0894602,25.7589
33.5199,83.0,1.0261,-0.2899,309.0,5.95793e-05,15.2118
34.8119,83.0,1.1074,-0.219,524.0,0.325293,16.7121
37.7588,192.0,1.23906,-0.20055,685.0,1.45798,22.2219
12.1773,82.0,0.3582,-0.089585,308.0,0.00276508,3.39639
37.0514,160.0,0.86837,-0.21235,445.0,0.0231517,20.871
40.7087,54.0,2.22407,-0.3838,358.0,0.0667261,25.7059
28.7613,63.0,1.18262,-0.2572,294.0,0.00122578,11.0014
36.0098,155.0,0.913805,-0.2662,678.0,1.32234,18.9109
35.2421,72.0,1.16155,-0.1444,567.0,0.60324,17.2529
38.4756,98.0,0.9323,-0.0907,713.0,1.39698,22.2315
40.5093,66.0,1.99394,-0.14935,669.0,1.08803,26.0005
38.6379,36.0,2.4998,-0.51425,449.0,0.669641,17.6487
34.8662,80.0,1.49713,-0.5157,285.0,0.010353,16.7035
35.4656,67.0,1.38537,-0.337,271.0,0.0128067,17.2164
35.3347,67.0,1.33585,-0.1199,730.0,1.04483,17.2785
36.7334,191.0,0.950255,-0.1009,757.0,0.846027,20.3239
21.7574,117.0,0.4871,-0.17035,336.0,0.00409105,7.25552
38.0049,92.0,1.44224,-0.25045,581.0,1.00957,21.4505
22.3301,63.0,0.915595,-0.2499,230.0,0.000824184,7.38273
39.5663,66.0,1.57908,-0.4055,474.0,0.123228,23.1495
36.2485,40.0,2.3496,-0.5296,250.0,0.00692098,15.7625
22.6556,75.0,0.714125,-0.25215,337.0,0.00293082,7.52825
42.4164,51.0,1.9412,-0.19845,565.0,0.906025,26.2177
13.8126,76.0,0.438965,-0.141195,229.0,9.64551e-05,3.95727
18.3661,112.0,0.582415,-0.1422,307.0,0.0075953,5.73556
22.6256,97.0,0.51736,-0.1699,322.0,0.000533703,7.63727
29.2664,91.0,0.774795,-0.2488,278.0,0.000894013,11.7298
22.2267,46.0,1.29087,-0.40755,187.0,0.00158705,7.01455
43.8311,49.0,2.28475,-0.3263,562.0,0.711621,28.9891
27.7953,178.0,0.36239,-0.15785,523.0,0.48081,10.6761
37.8603,105.0,1.07632,-0.3235,346.0,0.0484592,21.431
37.2635,107.0,1.03256,-0.13915,631.0,0.969115,20.6675
18.6481,126.0,0.54451,-0.358375,273.0,0.00516044,5.85642
37.1363,85.0,1.26107,-0.15715,447.0,0.292494,20.2632
40.5066,76.0,1.29415,-0.3256,636.0,1.44405,25.3079
24.7581,76.0,1.16826,-0.37965,336.0,0.0133346,8.82668
37.8174,70.0,1.3753,-0.1689,633.0,1.54285,20.8093
16.8682,55.0,0.79881,-0.23315,209.0,5.38027e-05,4.98364
36.3854,115.0,1.29645,-0.1352,647.0,1.35924,19.2975
34.6424,98.0,1.17252,-0.15505,551.0,0.261817,16.9237
36.505,86.0,1.0463,-0.4718,527.0,0.694667,18.5362
37.7352,123.0,1.49428,-0.26255,533.0,0.733147,21.6904
34.9621,141.0,0.829215,-0.1871,461.0,0.00794338,17.5264
39.195,94.0,1.34392,-0.16795,502.0,0.0223874,24.6918
38.5092,59.0,1.7941,-0.1698,532.0,0.981151,21.2927
29.2723,90.0,0.70883,-0.4265,243.0,0.000107894,11.588
38.6606,81.0,1.2321,-0.4083,635.0,1.60234,21.7353
19.4934,56.0,0.838315,-0.461,121.0,9.33939e-07,5.91909
30.3181,124.0,0.76727,-0.1408,568.0,0.175563,12.6508
41.5551,89.0,1.29476,-0.6092,616.0,0.234105,28.7428
34.1217,65.0,1.78732,-0.2618,592.0,0.774872,15.8566
38.2319,88.0,1.52061,-0.1871,531.0,0.0705673,22.4092
34.0736,100.0,1.13467,-0.45255,387.0,0.00942216,16.1256
40.2386,74.0,1.3791,-0.44765,430.0,0.0698681,24.257
23.3395,95.0,0.6258,-0.13925,301.0,0.0083083,8.03015
37.784,61.0,1.7481,-0.3838,424.0,0.0960009,20.0119
43.7785,52.0,2.88475,-0.2706,379.0,0.058386,33.4597
23.1257,89.0,0.745105,-0.1793,308.0,0.00664847,7.9156
31.6799,131.0,0.892295,-0.4795,624.0,0.687703,13.8173
35.4253,132.0,1.34876,-0.19315,655.0,0.820876,17.9983
19.1762,61.0,0.813635,-0.1764,248.0,0.00056375,5.95364
11.6737,57.0,0.49175,-0.156255,194.0,0.000604095,3.17818
34.2953,163.0,0.679875,-0.1533,751.0,1.82224,16.4525
40.1603,51.0,2.10755,-0.53495,264.0,0.00598926,21.1704
41.5555,71.0,1.68166,-0.48525,455.0,0.23171,28.3066
29.3437,76.0,1.02322,-0.1494,438.0,0.242802,11.6759
25.1203,78.0,0.822675,-0.24165,368.0,0.0371568,8.93536
37.8681,49.0,2.06282,-0.88195,409.0,0.122419,18.4623
22.2654,117.0,0.692885,-0.16735,329.0,0.0224152,7.50859
33.9255,108.0,0.9087,-0.2628,423.0,0.12396,16.059
25.9688,115.0,0.547275,-0.23,285.0,0.000896524,9.55773
21.7645,63.0,0.74407,-0.30905,288.0,0.015484,7.05935
39.2505,48.0,2.28686,-0.85915,498.0,0.293462,20.8895
30.3185,110.0,0.78261,-0.1576,600.0,0.730067,12.4552
40.1797,66.0,1.84269,-0.4112,555.0,0.866362,24.6952
17.6479,82.0,0.539425,-0.08875,411.0,0.0186316,5.40934
33.0978,74.0,1.13971,-0.74935,201.0,0.000465237,14.6479
33.6712,210.0,0.9904,-0.2008,746.0,1.15196,15.7948
36.4137,97.0,0.94805,-0.24065,357.0,0.000631936,19.0261
34.1679,100.0,1.17119,-0.1932,409.0,0.00868218,16.3784
36.9549,66.0,1.69785,-0.46805,268.0,0.00175711,18.9582
43.9552,47.0,2.50705,-0.91315,584.0,1.24221,30.2084
34.7506,71.0,1.315,-0.20525,325.0,0.0234442,16.5903
28.7833,192.0,0.649285,-0.6274,422.0,0.0524574,11.5117
30.9376,53.0,1.73646,-0.44055,354.0,0.077689,12.5364
27.693,64.0,1.20556,-0.3517,237.0,0.0156082,10.4047
26.4339,92.0,0.747215,-0.1665,303.0,0.00692104,9.79618
29.3076,76.0,0.920035,-0.28035,439.0,0.073904,11.5774
33.3942,86.0,1.0791,-0.4697,318.0,0.0563451,15.5064
37.9555,94.0,0.9124,-0.3391,512.0,0.523754,21.1558
37.0826,164.0,0.895825,-0.1711,613.0,0.96543,20.9005
23.2693,74.0,0.77843,-0.2019,301.0,0.0620967,7.94123
41.9392,83.0,1.8213,-0.18995,611.0,0.839351,32.9339
30.4709,81.0,0.977125,-0.57695,240.0,0.0154266,12.6934
30.7399,83.0,1.32509,-0.44045,347.0,0.154244,12.9827
39.0654,80.0,1.36785,-0.1206,559.0,0.0873017,23.093
26.4818,106.0,0.627215,-0.15895,372.0,0.0495983,9.84607
32.53,47.0,1.4056,-0.417,457.0,0.111329,13.1556
40.8722,58.0,1.7866,-0.53005,281.0,0.0136999,24.1574
39.7087,63.0,1.70795,-0.4053,544.0,0.579204,22.9615
35.0285,91.0,1.33736,-0.29965,292.0,0.00198676,17.2767
23.2276,61.0,0.85815,-0.3815,275.0,0.00130257,7.68364
38.7847,62.0,2.05065,-0.36945,697.0,1.33102,21.5114
36.7024,85.0,1.62911,-0.1716,568.0,0.257039,19.8581
11.6944,116.0,0.3303,-0.09781,291.0,0.00321178,3.25367
37.434,129.0,1.06667,-0.20705,512.0,0.511038,21.2815
32.5246,64.0,1.2642,-0.32415,306.0,0.211379,14.0632
33.8178,196.0,0.892335,-0.16795,571.0,0.259719,16.1718
37.8665,69.0,1.36995,-0.5211,336.0,0.212904,20.1752
37.5481,83.0,1.29515,-0.36235,392.0,0.0421076,20.5422
39.7364,51.0,1.917,-0.9505,343.0,0.0165422,20.1995
31.617,171.0,0.576705,-0.1738,490.0,0.0496981,13.8455
34.1754,111.0,0.99277,-0.1225,603.0,0.654028,16.3486
41.2716,56.0,1.9138,-0.37695,327.0,0.167445,26.3026
43.5277,49.0,2.1534,-0.7681,380.0,0.0170741,26.7427
38.5044,67.0,2.14859,-0.3158,387.0,0.0829124,21.996
18.443,63.0,0.672665,-0.1851,226.0,0.000129791,5.65909
35.036,44.0,1.75095,-0.6149,460.0,0.342042,15.0474
33.9619,89.0,0.97015,-0.26995,460.0,1.35365,15.7795
24.5962,53.0,1.1027,-0.17535,342.0,0.0131537,8.48031
29.0399,168.0,0.861835,-0.17,515.0,0.656781,11.5508
31.7942,84.0,1.07164,-0.1834,374.0,0.0727023,13.7919
40.5499,67.0,1.8058,-0.717,372.0,0.112529,24.6016
34.2266,38.0,2.2087,-0.4313,382.0,0.149886,14.1362
29.98,125.0,0.726165,-0.3461,267.0,7.04888e-05,12.3272
36.4508,91.0,1.33525,-0.3524,489.0,0.223559,19.0721
17.2147,101.0,0.42368,-0.14285,278.0,0.00533714,5.24732
38.971,70.0,1.55465,-0.63885,280.0,0.000416395,21.7518
26.4204,102.0,0.86205,-0.192,339.0,0.0275516,9.85626
37.2878,87.0,1.12215,-0.42675,391.0,0.0012565,19.808
21.0604,61.0,0.857495,-0.2845,291.0,0.0155303,6.69843
26.1947,123.0,0.732535,-0.11525,501.0,0.155987,9.70561
34.3184,77.0,1.2558,-0.2024,278.0,0.00260394,16.3472
26.4014,187.0,0.54197,-0.14285,614.0,1.09777,9.62343
31.4664,90.0,1.2055,-0.2904,287.0,0.00280821,13.5091
31.7859,128.0,0.70467,-0.11245,595.0,1.39703,13.726
38.8612,63.0,1.99941,-0.3602,271.0,8.47749e-05,21.661
17.8304,72.0,0.531635,-0.25115,288.0,0.0030694,5.42823
36.1392,122.0,1.21293,-0.2005,719.0,0.568075,19.216
40.0859,73.0,1.85938,-0.43115,391.0,0.111735,25.079
11.6349,53.0,0.538375,-0.19167,180.0,0.000663794,3.15818
34.7695,142.0,0.856515,-0.3381,350.0,0.00918,17.1588
35.9171,86.0,1.48496,-0.39275,473.0,0.306936,18.1754
29.6769,63.0,1.2428,-0.1655,311.0,0.0117214,11.761
40.8129,74.0,1.61625,-0.60515,551.0,1.89695,25.7263
34.7189,69.0,1.2969,-0.5203,541.0,0.381543,16.1715
27.5581,130.0,0.641105,-0.2159,366.0,0.0891022,10.5747
40.5322,79.0,1.6158,-0.1605,573.0,1.44213,28.2225
36.5202,74.0,1.56068,-0.30195,394.0,0.0149383,18.7431
31.6722,99.0,1.00112,-0.15335,452.0,0.173507,13.8464
42.7874,43.0,2.42955,-0.22455,508.0,0.576855,25.2575
32.9456,149.0,1.15375,-0.224,686.0,0.794545,14.9991
17.8364,93.0,0.528215,-0.13065,332.0,0.0280755,5.49313
16.9822,48.0,0.90737,-0.42835,167.0,7.3086e-05,4.85818
30.5004,128.0,0.72827,-0.23235,569.0,0.587474,12.7274
29.431,113.0,0.94819,-0.24455,309.0,0.00942067,11.9109
19.245,50.0,0.91374,-0.4015,188.0,0.000152477,5.79182
25.5457,68.0,0.867615,-0.19685,314.0,0.0840283,9.12491
18.0664,65.0,0.69661,-0.16515,281.0,0.0750298,5.51646
36.2332,123.0,0.969705,-0.22525,559.0,0.359769,19.3136
36.5405,86.0,1.0572,-0.2932,319.0,0.000133672,18.8315
30.2702,79.0,0.875415,-0.41135,353.0,0.0637053,12.1654
37.3749,73.0,1.33545,-0.3798,595.0,1.49314,19.674
28.9099,110.0,0.68382,-0.1359,413.0,0.000930864,11.5075
36.1375,73.0,1.81259,-0.34405,466.0,0.239896,18.3615
40.8186,64.0,1.8357,-0.1986,490.0,0.691134,27.3062
32.6182,76.0,1.06335,-0.40245,374.0,0.00418193,14.1754
38.5647,63.0,2.06208,-0.30205,330.0,0.0496971,21.5695
34.0019,145.0,1.23108,-0.22095,409.0,0.0128629,16.3724
30.5543,89.0,1.00171,-0.19,449.0,0.359983,12.6685
30.8288,95.0,1.00231,-0.24145,488.0,0.180195,12.9787
41.8215,57.0,2.2034,-0.7595,245.0,0.000160593,25.3682
38.5741,90.0,1.26935,-0.3373,512.0,0.376633,23.0817
31.9528,66.0,1.4566,-0.21555,604.0,1.33316,13.4912
33.1064,109.0,0.797845,-0.32515,361.0,0.0426251,15.1242
26.765,92.0,0.634145,-0.3788,211.0,0.0016623,9.93427
25.6162,71.0,1.0223,-0.2139,306.0,0.00597297,9.20417
38.2415,160.0,1.02036,-0.1025,753.0,0.505764,23.4862
34.9773,140.0,1.02783,-0.12395,607.0,1.08128,17.4899
28.4081,94.0,0.73004,-0.36215,314.0,0.0197834,11.0863
34.9406,99.0,0.84015,-0.32205,445.0,0.921342,17.0919
22.3555,99.0,0.46691,-0.2219,324.0,0.126509,7.4714
30.8649,84.0,1.09965,-0.1449,429.0,0.258413,13.0679
38.4228,83.0,1.30031,-0.2226,377.0,0.016306,22.0341
36.6576,108.0,1.23389,-0.152,519.0,0.75382,19.9474
37.9081,63.0,1.31825,-0.7788,253.0,0.13404,19.3206
30.7718,95.0,0.845985,-0.18975,552.0,0.364739,12.9121
39.8864,66.0,1.5148,-0.1782,719.0,1.61412,23.7172
40.0147,55.0,1.89695,-0.1973,580.0,0.900934,23.5937
31.0613,108.0,0.65951,-0.27535,283.0,1.71878e-05,13.2064
26.8915,79.0,0.9502,-0.30185,255.0,0.000226374,10.0076
28.4683,93.0,0.80193,-0.22675,375.0,0.108164,11.1534
45.4214,42.0,2.8488,-0.86145,508.0,0.427331,31.7042
43.7464,40.0,2.49795,-0.2793,541.0,1.83817,25.6749
36.8147,49.0,1.8875,-0.66525,269.0,0.011361,17.6018
40.5097,115.0,1.20708,-0.1434,606.0,0.104084,28.9958
37.4998,161.0,1.2097,-0.1981,604.0,0.634936,21.6536
28.5955,75.0,0.896555,-0.3196,263.0,0.0249155,10.9873
38.248,56.0,1.98385,-0.4594,286.0,0.00337001,20.4166
10.3591,78.0,0.333275,-0.080155,287.0,0.00682961,2.81005
40.0894,103.0,1.41939,-0.22875,728.0,1.85237,26.5738
14.2489,72.0,0.4984,-0.12505,270.0,0.018016,4.09746
40.1162,58.0,1.8854,-0.12915,644.0,1.33255,24.4914
40.0645,73.0,1.51925,-0.4967,306.0,0.0196386,24.17
31.9768,69.0,1.1267,-0.4589,406.0,0.2273,13.4006
33.0366,67.0,1.3665,-0.18815,405.0,0.152391,14.9317
36.3035,132.0,0.784955,-0.11415,585.0,0.26729,19.4132
14.0072,67.0,0.46946,-0.15995,325.0,0.0732476,3.97527
36.5517,48.0,1.6686,-0.6862,317.0,0.20186,16.3932
35.1827,71.0,1.80501,-0.37695,277.0,0.00933454,17.0855
41.3871,50.0,2.44045,-0.30995,311.0,0.00111317,23.6186
34.1386,167.0,0.883915,-0.13585,638.0,0.678029,16.4826
24.0717,60.0,1.03262,-0.27585,283.0,0.00490716,8.19462
36.8307,98.0,1.19619,-0.3459,475.0,0.110929,20.0258
33.3529,76.0,1.34962,-0.2596,430.0,0.118794,15.2703
39.3522,54.0,2.37265,-0.24025,471.0,0.124356,21.94
43.3549,36.0,2.93145,-1.0495,326.0,0.0286256,22.1573
42.7219,50.0,1.9993,-0.18005,658.0,1.55607,28.1362
37.0607,135.0,0.88034,-0.3584,364.0,0.072395,20.5039
24.6633,68.0,0.77593,-0.23115,453.0,0.215303,8.50001
28.1856,60.0,1.14114,-0.3801,250.0,0.0170198,10.6808
24.0893,154.0,0.727905,-0.13985,459.0,0.105822,8.46776
13.9688,62.0,0.54572,-0.162175,224.0,0.00931459,3.97284
42.2054,60.0,2.09585,-0.24905,427.0,0.0541553,28.7428
30.8752,55.0,1.44646,-0.14015,614.0,1.12866,12.4643
36.6849,58.0,1.78627,-0.5242,475.0,0.0793959,18.1291
24.3817,80.0,0.748485,-0.1345,377.0,0.0900847,8.53732
23.8098,71.0,0.724175,-0.43895,272.0,0.00503624,8.06916
30.4651,94.0,1.0679,-0.2683,333.0,0.17234,12.7526
37.1536,57.0,1.90255,-0.3088,321.0,0.010142,19.2323
36.9921,125.0,0.74545,-0.20815,483.0,0.062623,20.5281
38.0956,70.0,1.6105,-0.22035,426.0,0.0336908,21.5562
43.1833,47.0,2.15755,-0.24715,420.0,0.293195,25.6128
32.8116,59.0,1.33293,-0.40905,387.0,0.150701,14.0852
39.9096,57.0,1.85415,-0.66595,469.0,0.391388,22.7404
40.0238,61.0,1.95645,-0.1934,418.0,0.128968,25.0755
36.3445,101.0,0.87955,-0.1454,645.0,0.608935,19.1387
40.6532,58.0,1.7805,-0.1819,502.0,1.26732,24.8374
36.9012,85.0,1.54676,-0.2131,326.0,0.00108456,19.9324
38.7059,113.0,1.68352,-0.21845,550.0,0.0870464,24.3838
40.5933,64.0,1.6986,-0.13785,540.0,0.483608,26.6847
38.4288,116.0,1.21363,-0.1488,600.0,0.481442,23.335
27.7566,98.0,0.89064,-0.2903,254.0,0.00232997,10.6477
21.8955,121.0,0.483765,-0.1947,441.0,0.0567712,7.331
24.6383,65.0,0.886615,-0.2617,260.0,0.0141932,8.50758
33.0614,131.0,0.917115,-0.149,488.0,0.814617,15.1217
37.9328,95.0,1.4358,-0.2683,380.0,0.0624444,22.0113
35.3484,107.0,0.959195,-0.2129,362.0,0.0357689,17.9313
37.7554,155.0,0.682525,-0.18205,499.0,0.0420261,22.2092
40.8997,81.0,1.49935,-0.22725,581.0,1.28078,27.6624
31.2026,53.0,1.40815,-0.4079,303.0,0.0146318,12.547
36.0422,52.0,2.01928,-0.30805,418.0,0.0924871,17.2876
39.6514,128.0,1.21631,-0.25355,501.0,0.671783,26.3364
34.4646,62.0,1.49033,-0.29145,383.0,0.0484453,16.0029
29.0339,63.0,1.11895,-0.42745,220.0,0.000133304,11.1097
34.8117,96.0,1.31057,-0.21585,373.0,0.00787176,17.1104
30.8881,69.0,1.06015,-0.39315,371.0,0.00977191,12.4911
36.4415,80.0,1.2531,-0.2419,371.0,0.11494,19.2966
18.9523,65.0,0.690185,-0.27415,217.0,1.03591e-05,5.81091
34.3591,206.0,1.00041,-0.1958,587.0,0.284655,16.8156
33.1656,89.0,1.03724,-0.2384,362.0,0.0170394,15.1146
41.5124,60.0,1.60465,-0.1675,666.0,1.83453,28.6369
35.7575,118.0,0.95194,-0.1851,385.0,0.0519423,18.5338
32.7815,159.0,0.783495,-0.6884,416.0,0.102142,15.0673
24.72,91.0,0.66316,-0.21975,272.0,0.00107574,8.73091
34.0855,59.0,1.33395,-0.5673,312.0,0.0298916,15.1409
39.6261,182.0,0.64,-0.1984,737.0,1.98651,27.1515
27.6335,101.0,0.649435,-0.1546,469.0,0.0947743,10.5327
35.6021,101.0,1.08802,-0.22205,393.0,0.0208398,18.195
38.5676,77.0,1.7107,-0.36425,424.0,0.234918,21.9829
39.2251,107.0,1.00565,-0.3133,594.0,1.38311,25.3483
16.9429,79.0,0.590975,-0.1564,237.0,0.000397593,5.11818
36.9267,171.0,0.98702,-0.1887,585.0,0.548353,20.6707
38.1767,101.0,1.09667,-0.27325,474.0,0.100354,21.8422
16.889,51.0,0.833115,-0.34225,145.0,0.000139063,4.93545
33.3697,83.0,1.40216,-0.3754,299.0,0.00401294,15.2189
20.2039,88.0,0.644645,-0.16485,294.0,0.00058881,6.49636
38.8169,106.0,1.68515,-0.1698,569.0,1.71137,24.3978
33.1836,178.0,0.568585,-0.17315,560.0,0.510882,15.3902
35.1294,115.0,1.11522,-0.1025,663.0,0.294468,17.7117
24.3733,169.0,0.47725,-0.12745,512.0,0.262485,8.59563
38.2101,75.0,1.52445,-0.29735,388.0,0.467298,21.3624
27.3063,89.0,0.964715,-0.22015,327.0,0.00560299,10.3372
18.3974,82.0,0.585005,-0.1235,383.0,0.165984,5.67954
32.6883,59.0,1.60833,-0.35755,303.0,0.00284929,14.055
30.2059,80.0,1.09194,-0.2882,299.0,0.0067037,12.3419
31.7559,100.0,0.94465,-0.48245,430.0,0.0629865,13.831
35.7933,60.0,1.64787,-0.43825,538.0,0.234922,17.4439
35.6767,75.0,1.2136,-0.24555,408.0,0.0135189,17.5594
23.8415,110.0,0.604445,-0.159,342.0,0.000247103,8.32636
21.6465,97.0,0.57237,-0.18,287.0,8.87469e-05,7.18091
40.7105,67.0,1.6689,-0.3181,400.0,0.0113869,25.986
26.3623,124.0,0.64787,-0.1512,662.0,1.22724,9.5652
28.9506,89.0,0.926055,-0.32155,376.0,0.128029,11.5366
28.2319,129.0,0.592175,-0.13585,655.0,1.34961,10.7889
30.5417,111.0,0.872895,-0.1181,646.0,1.21314,12.588
40.2953,70.0,1.668,-0.32185,371.0,0.010643,25.2326
38.3017,119.0,1.19566,-0.25735,555.0,0.129502,23.3589
37.9177,100.0,1.1925,-0.19345,433.0,0.296061,21.9191
40.3692,89.0,1.16625,-0.1558,637.0,0.765974,26.5339
20.499,56.0,0.879005,-0.3917,201.0,0.00165259,6.42
41.4051,83.0,1.5626,-0.24895,574.0,1.85717,29.4125
41.9161,71.0,2.05791,-0.3131,437.0,0.0184351,29.9117
40.5484,173.0,1.02693,-0.16515,686.0,1.85309,30.5735
36.9964,132.0,0.74449,-0.40725,387.0,0.035517,20.2372
21.0989,72.0,0.751615,-0.1891,287.0,0.0282922,6.86777
33.1337,58.0,1.3779,-0.5177,204.0,0.00346438,14.4526
41.9552,60.0,2.08445,-0.2118,430.0,0.299317,30.0077
40.1884,60.0,1.90483,-0.68685,309.0,0.000496543,22.2548
14.0639,92.0,0.44936,-0.091145,356.0,0.0187844,4.05473
41.7449,59.0,1.59075,-0.12685,749.0,0.668438,26.1561
12.0641,116.0,0.24383,-0.096035,304.0,0.00102637,3.37
20.0654,83.0,0.545615,-0.2118,276.0,3.44452e-05,6.36727
19.8044,120.0,0.53511,-0.14845,323.0,0.0113091,6.34472
30.6277,70.0,1.32361,-0.2961,309.0,0.0263356,12.6905
33.4319,203.0,0.53687,-0.10385,718.0,0.557362,15.6762
36.1241,45.0,1.9642,-0.89185,227.0,0.00193452,15.7743
28.1523,75.0,0.912325,-0.3432,460.0,0.119325,10.7319
29.4432,63.0,1.33766,-0.364,241.0,0.0181626,11.5868
41.557,48.0,2.105,-0.21835,638.0,1.92157,26.6017
27.7449,174.0,0.371945,-0.17235,491.0,0.104426,10.7292
34.8278,138.0,0.958705,-0.22365,521.0,0.678508,17.2625
24.4697,88.0,0.64736,-0.23015,267.0,0.00765102,8.61107
27.9082,84.0,0.992905,-0.19295,317.0,0.0647299,10.736
10.1068,104.0,0.221105,-0.06199,365.0,0.000222252,2.73909
38.552,118.0,1.31712,-0.2239,472.0,0.300101,23.5894
40.9732,53.0,1.7557,-0.1778,544.0,1.2272,24.3261
31.4132,57.0,1.28685,-0.55405,304.0,0.0531829,12.6236
38.8973,48.0,1.9712,-0.62705,306.0,0.0609488,19.4665
34.4743,69.0,1.33375,-0.24725,429.0,0.41519,16.259
36.0865,69.0,1.66039,-0.53275,481.0,0.20605,18.0197
24.3436,142.0,0.592505,-0.12925,436.0,0.0525865,8.62299
45.3125,46.0,2.56885,-0.62965,554.0,0.35287,30.4248
36.651,159.0,0.95528,-0.2334,463.0,0.134708,20.1473
38.0022,72.0,1.42748,-0.53345,332.0,0.00599969,20.3222
32.7504,94.0,1.39693,-0.28115,619.0,0.513594,14.8606
34.1889,87.0,1.03213,-0.2709,362.0,0.0345801,16.2038
34.883,58.0,1.4562,-0.1932,521.0,0.763621,16.4063
30.884,127.0,1.00352,-0.1457,479.0,0.319621,13.1253
30.164,85.0,1.48214,-0.33115,485.0,0.132222,12.5326
29.9593,70.0,0.938585,-0.29005,321.0,0.00420288,12.025
25.521,68.0,0.846265,-0.46995,206.0,4.70131e-05,8.91727
34.4956,79.0,1.40516,-0.45,310.0,0.00547708,16.4444
12.4053,71.0,0.407075,-0.15862,201.0,0.000423758,3.44273
40.2376,95.0,1.58686,-0.3166,311.0,0.0205231,26.7566
33.256,129.0,0.92992,-0.275,464.0,0.144655,15.3824
34.265,111.0,1.12602,-0.24765,441.0,0.0950318,16.4674
29.4717,106.0,1.00039,-0.17505,392.0,0.10382,11.9359
37.7117,140.0,1.28234,-0.2272,574.0,0.127013,22.3407
41.992,53.0,2.67378,-0.24705,409.0,0.0454943,29.2175
39.945,62.0,1.5657,-0.1804,625.0,0.280664,24.5032
40.5721,50.0,2.30525,-0.13335,554.0,0.214953,24.5716
24.6188,93.0,0.634075,-0.24235,266.0,5.48694e-05,8.68182
24.0893,56.0,0.977175,-0.42075,149.0,2.44098e-05,8.13091
36.7494,80.0,2.0358,-0.1409,476.0,0.207643,20.0169
37.5962,90.0,1.0732,-0.1474,552.0,1.208,20.9373
25.2698,85.0,0.744115,-0.2236,427.0,0.0880859,9.07452
41.5087,41.0,2.56385,-0.65085,513.0,1.23442,21.8492
37.3835,149.0,0.84075,-0.32525,641.0,1.76233,20.9014
37.8071,97.0,0.8213,-0.39195,563.0,0.995052,20.621
34.0806,67.0,1.23075,-0.6781,187.0,0.000243486,15.1843
37.8571,74.0,1.56303,-0.27455,564.0,0.693538,21.1341
39.0239,131.0,0.943005,-0.23785,419.0,0.0174253,24.6666
36.0092,124.0,1.19304,-0.251,423.0,0.0490365,18.8591
39.7264,59.0,1.6829,-0.14955,634.0,0.710146,22.8094
38.2286,51.0,2.07425,-0.31935,576.0,0.402183,20.2506
35.2,134.0,0.650685,-0.2873,545.0,0.22159,17.7931
26.3744,72.0,0.97717,-0.1552,409.0,0.119699,9.72856
35.1427,86.0,0.95561,-0.4379,295.0,0.0103888,17.0376
37.2903,97.0,1.43041,-0.157,447.0,0.0334909,20.9953
28.1856,56.0,1.11247,-0.63915,146.0,2.65274e-05,10.4433
23.854,87.0,0.819735,-0.2506,234.0,0.000360281,8.27364
37.1193,105.0,1.14287,-0.2151,532.0,0.271456,20.48
36.6789,64.0,1.4077,-0.4045,475.0,0.28231,18.3144
17.495,68.0,0.609165,-0.2508,233.0,0.000119882,5.26818
32.1606,83.0,0.972145,-0.473,245.0,0.008083,14.0695
25.7643,119.0,0.924115,-0.13465,422.0,0.0179294,9.4827
15.5709,135.0,0.281135,-0.1027,361.0,6.55119e-05,4.61636
30.0987,147.0,0.80951,-0.2946,584.0,0.885713,12.3699
28.8386,80.0,0.91723,-0.1855,668.0,1.2744,11.1096
31.95,124.0,0.70439,-0.1457,511.0,0.0807006,14.0983
30.4681,85.0,0.945225,-0.3076,332.0,0.00735302,12.5848
37.1564,54.0,1.9673,-0.39405,313.0,0.0187503,18.7996
25.9873,114.0,0.54804,-0.22085,312.0,0.000491106,9.56773
28.4719,56.0,1.17195,-0.4781,162.0,6.91387e-06,10.4442
31.9531,93.0,1.04631,-0.3834,455.0,0.26972,13.927
37.4219,51.0,2.09135,-0.6492,269.0,0.00219182,18.236
28.4712,89.0,0.805325,-0.14185,535.0,0.32347,11.1016
37.1829,87.0,1.28778,-0.61745,519.0,0.838084,19.7413
39.9701,144.0,1.15354,-0.26935,452.0,0.047634,27.9445
23.6532,83.0,0.61446,-0.33285,257.0,0.000581274,8.12
34.4845,90.0,1.01224,-0.2098,427.0,0.307494,16.5093
36.5191,60.0,1.44105,-0.33665,351.0,0.0762703,17.7758
22.0184,70.0,0.64539,-0.28585,220.0,0.0177514,7.27215
33.1988,91.0,1.0416,-0.13065,508.0,0.0305046,15.1854
29.935,104.0,1.01588,-0.19405,334.0,0.00663069,12.3053
37.3898,72.0,1.3162,-0.33145,571.0,0.596054,19.9044
26.4107,72.0,0.95659,-0.118,457.0,0.230673,9.69392
37.3943,103.0,1.27473,-0.1958,441.0,0.367851,21.1085
38.0687,60.0,1.83218,-0.3117,517.0,0.21425,20.5208
28.6785,104.0,1.11344,-0.2359,317.0,0.0460951,11.3324
24.2792,80.0,0.94186,-0.16045,413.0,0.0729017,8.527
25.9086,83.0,0.766995,-0.1287,556.0,0.667545,9.32707
38.4629,92.0,1.23203,-0.4231,392.0,0.0442952,22.2663
28.3146,168.0,0.760045,-0.1575,474.0,0.106754,11.1377
35.0665,62.0,1.49205,-0.24705,326.0,0.0976284,16.88
39.5832,85.0,1.2972,-0.23115,424.0,0.271215,25.1302
34.2069,56.0,1.49275,-0.35365,464.0,0.277211,15.2354
27.8582,62.0,1.16568,-0.273,311.0,0.0215472,10.5368
39.811,52.0,1.86415,-0.51835,367.0,0.214385,21.3121
39.6617,91.0,1.39598,-0.29275,453.0,0.308314,25.0154
23.427,86.0,0.700365,-0.1888,323.0,0.0415049,8.06717
37.926,71.0,1.5869,-0.14185,414.0,0.488795,21.1998
39.0116,119.0,1.03442,-0.3738,471.0,0.170473,24.0128
33.3278,125.0,0.90172,-0.1993,574.0,0.847615,15.3511
24.9122,84.0,0.688915,-0.2496,331.0,0.0226728,8.84048
35.8034,54.0,1.5896,-0.1965,489.0,0.203315,16.8218
36.3657,63.0,1.4193,-0.21735,535.0,0.702903,18.3175
32.6101,59.0,1.71354,-0.3806,238.0,0.00031664,13.9741
34.0788,119.0,1.0621,-0.5796,345.0,0.0265789,16.5412
32.8216,52.0,1.4267,-0.71705,232.0,0.00203991,13.5566
24.6377,107.0,0.629585,-0.1337,428.0,0.150038,8.7569
33.2093,70.0,1.29325,-0.2365,363.0,0.111123,15.0894
31.669,61.0,1.27628,-0.21865,326.0,0.000508057,13.0639
39.4868,69.0,1.66272,-0.2779,387.0,0.0593048,24.0384
28.7485,57.0,1.13876,-0.65225,146.0,0.00046854,10.7078
33.5707,52.0,1.3615,-0.3278,418.0,0.0393061,14.3932
34.348,241.0,0.716945,-0.52985,555.0,0.180545,16.8576
40.079,81.0,1.40044,-0.52545,348.0,0.00146032,24.6625
36.2332,211.0,1.05147,-0.22635,709.0,0.941643,19.3618
34.2646,57.0,1.91522,-0.2354,294.0,0.0127407,15.8612
31.6344,164.0,0.59515,-0.17955,469.0,0.211447,13.8693
30.999,83.0,1.2489,-0.2771,442.0,0.0872309,13.0561
33.5097,102.0,1.09274,-0.18705,407.0,0.123283,15.5985
44.2861,47.0,2.52725,-0.1921,330.0,0.0424975,30.1402
36.0465,159.0,0.850065,-0.13895,556.0,0.100649,19.2412
43.6331,54.0,2.15575,-0.2234,448.0,0.0408146,29.8987
30.3755,75.0,0.95534,-0.5906,155.0,3.10682e-05,12.2782
36.2131,137.0,0.98548,-0.2555,518.0,0.344837,19.3652
18.1952,146.0,0.348075,-0.14705,330.0,0.0183134,5.6548
42.3899,50.0,2.40345,-1.07725,109.0,2.90255e-05,23.3825
34.8279,52.0,2.25609,-0.37585,363.0,0.0227871,16.1341
27.1823,82.0,0.80437,-0.33615,220.0,3.00699e-05,10.1375
33.6674,108.0,1.11938,-0.279,394.0,0.0852045,15.9347
33.6679,122.0,0.932885,-0.10745,649.0,1.00657,15.794
37.4506,47.0,2.027,-0.78425,308.0,0.00546649,17.596
44.6768,45.0,2.6464,-0.20465,675.0,1.73659,33.9267
19.9982,48.0,1.10916,-0.40425,129.0,5.049e-06,6.17091
39.3746,165.0,1.42056,-0.1816,690.0,0.962235,26.4721
25.5288,47.0,1.38194,-0.62005,201.0,0.000280098,8.59
34.2698,113.0,1.01094,-0.12945,563.0,0.186653,16.6515
30.4574,63.0,1.19248,-0.3625,410.0,0.0711327,12.3336
31.8024,155.0,0.68583,-0.2081,511.0,0.150946,13.9802
32.7536,70.0,1.4127,-0.31835,302.0,0.0140198,14.4582
27.1476,105.0,0.70841,-0.1406,394.0,0.10007,10.2828
41.4385,75.0,1.69939,-0.278,574.0,0.340898,28.5618
25.632,57.0,1.05687,-0.47355,194.0,0.000598848,9.05636
38.1452,177.0,1.02448,-0.21235,528.0,0.633908,23.0906
33.4504,132.0,0.70469,-0.29095,405.0,0.0252115,15.6204
43.0242,49.0,2.37055,-0.71555,307.0,0.000238847,26.8084
32.7797,58.0,1.4348,-0.7507,215.0,0.000614084,14.2268
31.3028,120.0,0.848445,-0.22575,369.0,0.025298,13.4798
31.087,61.0,1.26642,-0.41805,269.0,0.0195765,12.6658
39.6443,52.0,2.0831,-0.4833,480.0,0.696189,21.3818
22.1793,52.0,0.96801,-0.3867,258.0,0.00286961,7.10643
35.5826,187.0,0.548865,-0.1484,601.0,0.179441,18.5787
41.2688,63.0,1.6999,-0.18485,511.0,0.50887,27.2594
38.6829,74.0,1.38774,-0.5865,462.0,0.0807344,21.3239
42.3625,45.0,2.37365,-0.34315,531.0,0.609159,25.4746
32.2948,59.0,1.36055,-0.78705,171.0,0.000122805,13.1217
32.8765,95.0,0.789,-0.2491,483.0,0.115733,14.8463
30.2144,122.0,0.89746,-0.2054,441.0,0.0816822,12.5468
28.8714,114.0,0.907035,-0.22345,419.0,0.0591836,11.4745
36.6855,208.0,0.769175,-0.3519,683.0,0.980277,20.1713
28.3429,183.0,0.79556,-0.1716,440.0,0.0116677,11.182
24.8963,157.0,0.43992,-0.09845,611.0,0.476309,8.83887
41.4156,58.0,1.87969,-0.61155,461.0,0.192691,25.2287
33.6561,97.0,1.11185,-0.181,452.0,0.116192,15.7454
20.6114,64.0,0.71754,-0.2764,220.0,0.0233739,6.57218
32.4824,177.0,0.555665,-0.12265,685.0,1.68005,14.4139
10.8026,57.0,0.47053,-0.20997,135.0,1.02446e-06,2.88182
25.004,110.0,0.674575,-0.2302,274.0,0.00956507,8.9657
31.2719,53.0,1.4184,-0.62805,373.0,0.0203321,12.3713
25.0215,98.0,0.874165,-0.1492,383.0,0.0788045,8.96535
33.4825,65.0,1.49404,-0.20925,381.0,0.194513,15.284
32.95,77.0,1.43188,-0.26615,450.0,0.112361,14.9868
13.5975,73.0,0.45822,-0.11865,284.0,0.00253187,3.86276
37.5328,117.0,1.3008,-0.36495,412.0,0.0112066,21.5994
24.5926,123.0,0.769095,-0.1746,369.0,0.0123039,8.75486
33.2425,110.0,0.901645,-0.36865,443.0,0.246506,15.3779
38.3816,44.0,2.16845,-0.4365,317.0,0.210763,18.5414
36.4594,107.0,1.35184,-0.20125,604.0,1.11428,19.5249
20.1904,54.0,0.919235,-0.32195,198.0,0.000921485,6.40273
35.0862,58.0,1.43785,-0.7626,196.0,0.000328223,15.5519
38.1145,55.0,2.01185,-0.558,453.0,0.0990306,19.8959
33.1262,173.0,0.974405,-0.1397,666.0,0.730973,15.2781
31.2494,65.0,1.1958,-0.4698,282.0,0.0441094,12.918
33.1121,84.0,1.29652,-0.4662,443.0,0.0705302,15.0811
30.2207,138.0,0.551885,-0.15745,453.0,0.0102181,12.58
32.6887,70.0,1.31028,-0.48075,175.0,5.97626e-05,14.2237
38.1204,94.0,1.1786,-0.15465,592.0,1.11754,22.4327
37.7979,54.0,2.1816,-0.3502,439.0,0.0515211,20.0519
37.872,52.0,1.92725,-0.2483,462.0,0.763263,19.8513
39.0162,74.0,1.4406,-0.4323,400.0,0.25122,22.0107
25.8358,60.0,1.04304,-0.54535,140.0,0.000294202,9.12518
39.7855,49.0,2.30875,-0.63895,328.0,0.00534878,21.3301
38.7796,75.0,1.31045,-0.5611,399.0,0.0897362,21.8421
33.8088,55.0,1.6374,-0.3331,312.0,0.0334899,14.8811
35.9053,158.0,1.2415,-0.1907,607.0,0.252646,19.089
28.6493,88.0,0.76049,-0.23925,358.0,0.0735713,11.2022
35.6332,224.0,0.6398,-0.2611,627.0,1.01202,18.4989
41.7166,60.0,2.0969,-0.2154,363.0,0.136055,28.1025
31.4652,50.0,1.6843,-0.51075,247.0,0.00124025,12.8861
30.359,89.0,0.81715,-0.2929,304.0,0.00327862,12.4098
33.0511,93.0,0.86085,-0.59105,361.0,0.0216337,14.7931
19.2318,61.0,0.7971,-0.37895,152.0,1.41611e-05,5.9
39.2397,71.0,1.502,-0.24145,522.0,0.419451,23.1163
23.5743,66.0,0.86287,-0.16865,284.0,0.0267477,8.0696
24.5124,81.0,0.73223,-0.19345,327.0,0.0487656,8.6392
33.5863,52.0,1.84832,-0.17765,470.0,0.145657,15.0579
18.1984,66.0,0.689375,-0.11655,306.0,0.0204805,5.61031
38.4695,36.0,2.7799,-0.6872,580.0,0.500624,17.7004
41.7458,73.0,1.58105,-0.2855,570.0,1.18613,31.6314
37.4445,72.0,1.56548,-0.5195,213.0,0.0220489,19.8015
33.1687,53.0,1.4627,-0.3277,523.0,0.315529,14.2672
28.0125,201.0,0.802015,-0.4307,615.0,0.185432,10.9214
38.9061,77.0,1.4668,-0.2307,592.0,1.91929,22.8671
32.7669,167.0,0.778685,-0.1745,488.0,0.0857196,15.0009
33.715,126.0,0.78218,-0.3367,510.0,0.433132,15.9616
38.5631,77.0,1.28354,-0.4767,452.0,0.76427,21.5572
34.6016,59.0,1.3474,-0.2399,678.0,1.5607,15.7908
33.4511,112.0,1.0979,-0.1783,667.0,1.38362,15.4869
29.1855,123.0,0.95321,-0.519,256.0,0.000125844,11.7819
32.7041,69.0,1.11705,-0.628,246.0,0.00339212,13.9561
20.2718,63.0,0.7052,-0.2088,312.0,0.00941668,6.48109
20.6697,52.0,1.00624,-0.4131,156.0,4.18282e-05,6.43
27.7083,121.0,0.689075,-0.15805,393.0,0.0188663,10.6958
34.4415,77.0,1.20742,-0.40745,418.0,0.0156645,16.1497
40.5285,92.0,1.4882,-0.11865,670.0,0.741018,28.5168
30.4912,161.0,0.796325,-0.46995,459.0,0.161038,12.8601
40.7791,62.0,1.6122,-0.59035,300.0,0.0561011,24.5106
25.4791,80.0,0.97582,-0.21385,301.0,0.055622,9.24244
35.7019,111.0,0.803545,-0.3541,423.0,0.0777879,18.1634
17.2166,116.0,0.43136,-0.0945,431.0,0.107488,5.23138
22.6757,115.0,0.559875,-0.19705,414.0,0.117717,7.70497
32.9053,75.0,1.01902,-0.34585,365.0,0.0335392,14.516
33.1527,108.0,0.84328,-0.21015,476.0,0.0199257,15.2592
37.5361,62.0,1.415,-0.45465,408.0,0.397382,18.9206
18.1211,183.0,0.182865,-0.1234,553.0,0.194273,5.57733
37.5695,66.0,1.33355,-0.17425,684.0,1.40246,19.9225
33.8652,218.0,0.806725,-0.18975,617.0,0.240273,16.2394
39.9946,59.0,1.8619,-0.58615,309.0,0.0229827,22.5873
13.3422,64.0,0.518945,-0.122615,249.0,0.00263401,3.77185
31.8515,51.0,1.55085,-0.56815,280.0,0.00638767,12.8594
33.619,88.0,1.27239,-0.09,719.0,1.61309,15.4961
28.9278,64.0,1.16215,-0.3824,275.0,0.00433897,11.0957
36.8623,62.0,1.70068,-0.6338,403.0,0.06154,18.3257
37.3729,75.0,1.0734,-0.25265,551.0,0.927992,19.617
24.2723,53.0,1.02781,-0.70885,128.0,2.93725e-05,7.94727
32.7319,76.0,1.31331,-0.4661,378.0,0.0109779,14.4171
34.5901,69.0,1.4312,-0.1242,489.0,0.240719,16.5405
31.3117,107.0,1.22773,-0.2124,301.0,0.00118137,13.5228
37.3999,68.0,1.63475,-0.37475,264.0,0.00730582,19.8661
28.324,137.0,0.66165,-0.1068,639.0,0.784583,11.0025
35.264,63.0,1.7688,-0.1157,563.0,0.316571,17.5498
17.9462,80.0,0.611675,-0.1016,346.0,0.0741563,5.51555
14.1709,117.0,0.287295,-0.0774,388.0,0.00159196,4.09731
34.1451,144.0,0.95335,-0.11885,637.0,1.13968,16.3622
30.1196,99.0,0.7575,-0.21785,320.0,0.0144758,12.3419
42.5448,57.0,1.74095,-0.17725,466.0,0.133283,27.3528
36.5207,97.0,1.29812,-0.33765,316.0,0.0283012,19.3055
28.2627,119.0,0.748725,-0.0955,672.0,1.17776,10.853
38.8872,74.0,1.47855,-0.18895,702.0,1.86114,22.4973
41.8953,59.0,1.8229,-0.71165,511.0,0.203825,25.8734
34.9049,132.0,0.923565,-0.0999,697.0,0.981751,17.3277
37.4745,81.0,1.28695,-0.1822,458.0,0.332044,20.5797
24.0187,107.0,0.667755,-0.1216,397.0,0.067915,8.41501
18.2836,59.0,0.75058,-0.329,144.0,1.16743e-07,5.57818
10.8807,59.0,0.456835,-0.144025,214.0,8.53282e-06,2.91364
36.1857,52.0,1.54995,-0.5062,369.0,0.0398726,16.8026
32.5736,94.0,1.00529,-0.2559,405.0,0.0716003,14.6163
32.9885,74.0,0.98545,-0.23045,414.0,0.183735,14.545
29.6901,120.0,0.79415,-0.1244,591.0,0.858731,12.0259
27.4424,88.0,0.643625,-0.31325,238.0,0.0106608,10.3756
41.4747,47.0,2.55175,-0.3066,361.0,0.0350008,24.262
34.314,91.0,0.94555,-0.2566,450.0,0.526679,16.3307
30.8084,114.0,0.84052,-0.11875,546.0,0.215373,13.0505
35.5584,151.0,0.906925,-0.1669,537.0,0.154829,18.4038
35.4709,57.0,1.68475,-0.5313,184.0,0.000479728,16.442
43.1101,43.0,2.2987,-0.5508,638.0,1.6919,25.3803
39.023,109.0,0.9803,-0.1271,626.0,0.1889,24.4964
38.4779,111.0,0.9025,-0.10895,729.0,1.5731,23.0004
36.6363,124.0,0.915115,-0.22965,528.0,1.04558,19.826
36.1773,62.0,1.4545,-0.8695,264.0,0.000824013,16.7182
16.2817,83.0,0.461585,-0.1625,344.0,0.104372,4.83123
40.6448,49.0,2.33605,-0.3441,332.0,0.0792187,22.7753
32.6234,163.0,0.598675,-0.2045,450.0,0.209986,14.8338
30.0419,78.0,0.980615,-0.2894,372.0,0.018512,12.1274
40.5601,84.0,2.024,-0.13175,739.0,0.979205,29.3078
27.638,107.0,0.604195,-0.29365,297.0,0.00248683,10.5928
36.0076,74.0,1.316,-0.14745,528.0,0.598634,18.187
27.4404,75.0,1.08319,-0.2227,320.0,0.0220572,10.3734
23.6458,91.0,0.672135,-0.16655,454.0,0.465917,8.10922
29.0499,85.0,0.839525,-0.3782,329.0,0.0973759,11.5436
18.2231,73.0,0.609175,-0.1221,352.0,0.0811522,5.61567
38.9835,126.0,1.04788,-0.32145,406.0,0.128639,24.4711
31.6035,63.0,1.0981,-0.47555,220.0,0.0593656,13.0424
26.6453,51.0,1.28888,-0.54985,229.0,7.50054e-05,9.27064
32.2585,73.0,1.02306,-0.40615,293.0,0.0292079,13.9462
24.5006,74.0,0.748875,-0.23475,406.0,0.0438394,8.52911
35.4806,78.0,1.53766,-0.2336,467.0,0.129778,17.7743
35.051,63.0,1.1954,-0.45975,748.0,1.24038,15.981
40.1544,68.0,1.46895,-0.59505,326.0,0.0964287,23.6541
36.4292,159.0,0.880675,-0.1506,665.0,1.53253,19.5649
35.7696,66.0,1.34255,-0.56865,281.0,0.0105398,17.0406
20.8973,96.0,0.523505,-0.173,292.0,0.000907513,6.82636
34.5705,143.0,0.757405,-0.07615,792.0,1.26788,16.8633
33.0338,121.0,0.80597,-0.2512,342.0,0.00111697,15.122
23.9048,50.0,1.20715,-0.4744,190.0,0.00018399,7.93636
24.6527,101.0,0.751115,-0.1812,412.0,0.14683,8.74136
25.0348,70.0,0.942865,-0.301,236.0,0.000794751,8.82364
24.5203,77.0,1.00222,-0.15985,314.0,0.000114744,8.66364
37.1175,183.0,0.80223,-0.23445,602.0,0.367148,21.079
26.8774,57.0,1.08425,-0.2285,335.0,0.0981117,9.74948
34.792,107.0,1.23562,-0.20665,394.0,0.0185542,17.3086
29.0476,78.0,0.84115,-0.34035,371.0,0.0626321,11.4617
35.7318,94.0,1.26377,-0.2001,496.0,0.242342,18.2813
30.2202,58.0,1.65639,-0.1024,539.0,0.241369,12.3473
38.2296,48.0,1.9248,-1.2528,521.0,0.136614,18.6251
33.7324,95.0,0.8182,-0.1702,565.0,0.370557,15.6061
35.1961,91.0,1.18914,-0.5314,304.0,0.00142739,17.4515
38.8932,75.0,1.3221,-0.10875,572.0,0.6452,22.4582
39.1781,126.0,1.0602,-0.362,614.0,0.173682,25.0137
33.9493,86.0,1.12674,-0.4234,229.0,1.46056e-05,15.7346
28.3884,49.0,1.46436,-0.4052,248.0,0.00330147,10.4329
29.9764,122.0,0.784805,-0.23145,401.0,0.216178,12.3754
26.9453,60.0,1.10576,-0.3109,255.0,0.00272562,9.88036
23.8252,78.0,0.734325,-0.1812,334.0,0.00579461,8.20288
26.8075,83.0,0.903175,-0.1959,295.0,0.00963055,9.98691
38.1818,84.0,1.75831,-0.1679,507.0,0.17251,22.2221
35.199,50.0,1.6307,-0.47675,404.0,0.463019,15.8357
33.8447,93.0,1.22545,-0.1229,513.0,0.353513,15.9196
23.4037,92.0,0.857185,-0.28395,348.0,0.0701568,8.08958
26.6487,138.0,0.51057,-0.1415,420.0,0.199745,9.95943
36.4499,81.0,1.09515,-0.2604,295.0,0.00264932,18.3213
34.6745,87.0,1.41065,-0.1014,672.0,1.50789,16.9043
35.0507,167.0,1.03672,-0.2991,380.0,0.0318495,17.7105
25.078,94.0,0.600945,-0.1879,322.0,0.00805501,8.94016
41.8623,47.0,2.35965,-0.19515,683.0,1.75318,26.1295
38.5621,76.0,1.24305,-0.4753,476.0,0.597675,21.5152
27.0165,77.0,1.15064,-0.23635,333.0,0.0221809,10.1906
41.6871,52.0,2.88835,-0.3009,588.0,0.390589,26.8699
35.7979,63.0,1.3423,-0.73125,280.0,0.00180221,16.5244
40.7515,76.0,1.60175,-0.196,712.0,1.07699,27.5805
41.3921,57.0,1.7676,-0.4302,411.0,0.151542,24.6852
28.3081,113.0,0.651265,-0.175,382.0,0.00188827,11.0767
18.5603,81.0,0.548265,-0.13105,305.0,0.0108303,5.78107
38.3744,64.0,1.6448,-0.6833,221.0,0.022004,20.6252
40.6027,62.0,1.63455,-0.15135,541.0,0.188338,24.9533
36.6199,165.0,0.92543,-0.26055,467.0,0.209952,19.9618
36.8413,78.0,1.54363,-0.32585,422.0,0.0576492,19.7486
41.2037,47.0,2.5494,-0.64485,252.0,0.000668207,22.7613
31.3121,79.0,1.01686,-0.4645,230.0,0.0016482,13.1802
37.6005,107.0,1.003,-0.45925,448.0,0.813472,21.2515
29.2424,191.0,0.430125,-0.28965,472.0,0.0637804,11.8409
20.361,131.0,0.409775,-0.1381,401.0,0.183094,6.56383
24.8466,158.0,0.422715,-0.1716,407.0,0.0671764,8.90418
38.0549,172.0,0.87314,-0.18765,700.0,1.92914,22.6394
39.114,58.0,2.2404,-0.4143,569.0,1.40972,22.3395
34.3326,54.0,1.71981,-0.2959,369.0,0.242158,15.4993
16.2444,50.0,0.82743,-0.23615,228.0,0.0181662,4.70112
10.4412,60.0,0.45491,-0.128,220.0,0.011576,2.8219
31.3883,95.0,1.07457,-0.19045,592.0,0.412975,13.3996
37.0904,43.0,2.03355,-1.0563,525.0,0.703199,16.5234
40.9977,43.0,2.3713,-0.69385,533.0,0.293994,21.5553
33.2378,66.0,1.36217,-0.3117,293.0,0.0211096,14.8605
21.2973,60.0,0.910225,-0.27325,201.0,0.000182417,6.88364
23.76,77.0,0.8026,-0.24295,353.0,0.0272945,8.20423
31.8608,84.0,1.12165,-0.1701,583.0,0.990578,13.7717
37.1205,77.0,1.1737,-0.59155,255.0,0.00264306,19.2714
37.57,181.0,0.956065,-0.2531,429.0,0.0843488,21.904
39.0506,43.0,2.4577,-0.14785,576.0,0.297971,20.6699
32.8429,69.0,1.181,-0.1756,416.0,0.245508,14.5599
31.2376,96.0,1.0722,-0.49785,303.0,0.015337,13.3438
19.8154,101.0,0.492825,-0.086,432.0,0.107474,6.32439
33.9288,148.0,1.11773,-0.28075,480.0,0.107093,16.1852
35.1919,145.0,0.94632,-0.5245,356.0,0.0634599,17.9437
23.4647,82.0,0.62644,-0.2212,465.0,0.219173,7.97435
27.9682,65.0,1.06849,-0.3001,280.0,0.00409618,10.5752
39.1045,54.0,1.97865,-0.3113,376.0,0.0439162,21.5464
38.1426,52.0,1.7195,-0.5687,329.0,0.090667,19.1903
36.7967,84.0,1.18287,-0.3855,381.0,0.187292,19.4205
37.8144,70.0,1.8423,-0.25925,303.0,0.0262713,20.9076
40.7234,68.0,1.53935,-0.71975,234.0,0.00218708,24.1865
39.3464,118.0,1.14776,-0.3008,387.0,0.0159431,25.4735
36.0621,79.0,1.63507,-0.28385,568.0,0.470604,18.6123
33.3844,181.0,0.634135,-0.1339,698.0,1.51788,15.4244
38.9453,156.0,0.85415,-0.1316,710.0,1.30014,24.9127
34.5547,88.0,1.0905,-0.1874,528.0,0.460292,16.6307
28.4688,170.0,0.83479,-0.51865,537.0,0.461936,11.1965
34.1153,134.0,0.66426,-0.2003,525.0,0.448774,16.359
35.9847,74.0,1.1631,-0.40475,272.0,0.0305051,17.9148
37.9985,72.0,1.2451,-0.2785,392.0,0.157913,21.0015
34.1133,161.0,0.8818,-0.1601,649.0,0.85433,16.3482
31.5155,130.0,0.79145,-0.3498,343.0,0.00404389,13.7596
30.0382,134.0,0.55563,-0.1211,567.0,0.384081,12.358
36.1703,96.0,1.1706,-0.26205,368.0,0.252242,19.1852
