"Tpeak,a","TTP,t,a","dT/dtMax,a","dT/dtMax,a","Tdur,a","Trest,a"
84.6075,105.0,1.8048,-0.54815,391.0,0.0804412
85.7459,88.0,3.20135,-0.3136,580.0,1.38751
224.568,100.0,11.5,-0.876,662.0,1.86701
167.681,114.0,4.79565,-1.21435,375.0,0.050862
151.62,159.0,3.38375,-0.722,513.0,0.179622
163.933,59.0,8.06165,-0.63105,427.0,0.728041
135.367,74.0,4.61125,-1.1026,239.0,0.000447942
65.4955,55.0,3.08105,-0.7721,178.0,0.000400165
136.122,83.0,4.60775,-0.9234,300.0,0.0595329
168.749,161.0,3.19645,-0.7548,513.0,0.808042
87.4522,167.0,2.0744,-0.5972,454.0,0.0269842
197.705,110.0,5.7584,-1.01,420.0,0.754595
51.7835,57.0,2.2753,-0.39915,239.0,0.00763829
96.7355,78.0,3.378,-0.38595,415.0,0.903386
73.4937,187.0,1.44251,-0.45975,483.0,0.00793704
122.855,86.0,4.05725,-0.73915,407.0,0.0179263
178.345,113.0,5.42525,-1.0195,485.0,0.060908
62.4698,105.0,1.4981,-0.46725,325.0,0.00436995
11.4063,66.0,0.41024,-0.11741,229.0,0.00776723
117.126,70.0,5.0801,-0.6979,303.0,0.0354657
227.335,85.0,7.8541,-1.403,383.0,1.04357
136.048,96.0,3.9885,-0.6872,374.0,0.168144
64.8861,67.0,2.78365,-0.37265,301.0,0.0365146
47.6336,115.0,0.95805,-0.29685,394.0,0.0584486
156.285,134.0,3.2941,-1.1645,386.0,0.0266696
94.7231,95.0,3.0531,-0.9147,269.0,9.09381e-06
119.447,45.0,8.8776,-0.64345,350.0,0.178924
48.7376,50.0,2.51415,-0.8226,131.0,0.000606618
74.8664,111.0,1.91845,-0.46595,363.0,0.0665779
82.8232,76.0,3.4026,-0.3993,405.0,0.222065
89.5803,87.0,2.9417,-0.4376,381.0,0.305946
139.046,114.0,3.56075,-0.5684,485.0,0.649287
136.408,84.0,4.61505,-0.8811,305.0,0.0337414
40.8657,54.0,1.94435,-0.58155,154.0,4.37655e-05
157.551,70.0,8.42755,-0.72355,524.0,0.316317
154.273,59.0,8.63835,-1.17325,244.0,0.0048003
127.858,154.0,4.9421,-0.95055,511.0,0.0628865
103.791,107.0,3.74305,-0.61735,417.0,0.21217
121.013,64.0,5.2447,-0.7555,280.0,0.074763
89.3955,128.0,2.25865,-0.4029,541.0,0.0837997
71.4843,88.0,2.09935,-0.27325,451.0,0.783617
169.257,51.0,10.2827,-0.92,336.0,0.420694
24.4852,75.0,0.82876,-0.1713,231.0,0.000912276
91.5267,161.0,3.42505,-0.54375,609.0,0.212152
110.075,72.0,4.84375,-0.8852,264.0,0.00129444
131.225,71.0,5.05045,-0.7539,307.0,0.238459
206.921,97.0,7.17155,-1.222,368.0,0.196807
55.9745,108.0,1.15725,-0.293,412.0,0.00862725
196.215,72.0,9.07575,-1.26765,315.0,0.0436273
19.0379,78.0,0.63493,-0.16685,229.0,1.02304e-05
40.4412,67.0,1.4712,-0.51535,169.0,0.000585066
130.475,88.0,5.96095,-0.76575,508.0,0.0552211
48.1488,109.0,0.9851,-0.33015,331.0,0.00792793
166.589,66.0,8.2402,-1.3315,331.0,0.0413848
196.851,91.0,8.19665,-0.9885,482.0,0.698664
32.9701,131.0,0.7693,-0.2963,291.0,0.00638957
194.996,44.0,17.7102,-1.58595,340.0,0.0201962
25.2506,44.0,1.51852,-0.51945,119.0,0.000976035
226.442,185.0,5.44035,-1.3365,530.0,0.298689
79.3814,120.0,1.80965,-0.36445,485.0,1.05054
47.1425,58.0,2.0748,-0.5364,186.0,0.000642013
82.3227,93.0,2.3298,-0.55035,303.0,0.00226435
103.53,85.0,4.13595,-0.8296,291.0,0.00569746
23.5312,63.0,0.88386,-0.20485,269.0,0.0709966
168.339,69.0,9.3335,-1.54795,348.0,0.0308686
82.2804,50.0,6.2711,-0.32245,503.0,0.747818
108.299,78.0,4.286,-0.6677,326.0,0.0147878
89.8882,120.0,3.28145,-0.6542,413.0,0.0911377
160.775,62.0,7.44995,-1.81595,198.0,0.00207528
150.378,68.0,8.2253,-1.08,321.0,0.104395
94.1726,84.0,3.27865,-0.72385,273.0,0.0616923
46.7942,109.0,1.1279,-0.2349,389.0,0.0444366
167.183,62.0,8.0558,-1.0726,291.0,0.00210148
114.324,72.0,5.48915,-0.4926,436.0,0.303417
62.7761,79.0,1.9014,-0.54525,250.0,0.0139105
127.888,71.0,4.63835,-0.90625,250.0,0.00335286
107.194,69.0,4.0085,-0.7065,273.0,0.0900472
42.7738,63.0,1.6504,-0.4658,198.0,0.00351803
73.1511,132.0,1.78365,-0.4871,393.0,0.0639287
96.7622,65.0,3.7601,-0.4292,341.0,0.309534
151.938,140.0,5.85805,-1.11575,527.0,0.0607639
159.856,68.0,6.64005,-1.1094,290.0,0.0448775
86.7039,149.0,2.34046,-0.3549,577.0,0.390506
130.002,191.0,4.57255,-0.74025,658.0,0.283947
104.529,191.0,2.13785,-0.51405,563.0,0.562239
83.7718,127.0,2.0064,-0.45935,418.0,0.521471
170.099,164.0,3.1668,-0.84685,551.0,1.20106
106.92,127.0,2.082,-0.66205,378.0,0.0423375
174.624,71.0,7.36245,-0.9911,406.0,0.0590133
74.963,97.0,1.84635,-0.54415,301.0,0.00058238
72.6526,95.0,3.1922,-0.2481,616.0,1.4274
51.3699,117.0,0.98735,-0.19505,537.0,0.816353
47.8433,94.0,1.1227,-0.40275,286.0,0.104864
49.8187,66.0,1.8593,-0.50045,216.0,0.0171906
93.3748,94.0,2.5676,-0.3535,474.0,0.911657
57.3439,69.0,2.0399,-0.46935,260.0,0.0790284
180.075,88.0,9.43525,-0.9748,513.0,0.554516
126.274,74.0,4.05495,-0.4392,485.0,1.82588
86.5074,47.0,5.16005,-1.1377,153.0,0.000528457
164.178,75.0,6.3576,-1.1837,257.0,0.00128845
139.552,143.0,3.79515,-0.96865,424.0,0.0351066
25.3463,92.0,0.69512,-0.16555,308.0,0.000513075
77.9636,131.0,2.41935,-0.40005,519.0,0.256258
115.527,50.0,8.6472,-0.8034,410.0,0.0426722
215.95,221.0,3.9484,-0.9615,622.0,0.887268
124.247,105.0,3.02155,-0.5235,433.0,1.08972
114.648,65.0,5.4985,-1.03835,203.0,5.3738e-05
22.0089,87.0,0.64844,-0.14645,341.0,0.000279418
108.615,117.0,2.39905,-0.4996,437.0,1.03425
164.563,81.0,6.3139,-0.7935,381.0,0.250697
98.8242,95.0,6.1234,-0.6578,614.0,0.928349
108.455,81.0,3.8607,-0.60725,320.0,0.0537683
130.711,81.0,6.87505,-0.4502,630.0,0.889379
104.184,211.0,1.0242,-0.73485,412.0,0.0216522
108.024,70.0,4.5063,-0.8271,240.0,0.0004423
109.911,74.0,3.89015,-0.788,244.0,0.00229123
12.6689,156.0,0.17234,-0.02545,846.0,1.41902
74.5625,73.0,3.28535,-0.22025,624.0,1.58347
38.1315,57.0,1.6819,-0.38395,222.0,0.0184554
107.287,88.0,3.6877,-1.0334,255.0,9.24462e-05
20.6697,66.0,0.794645,-0.19485,225.0,3.13979e-05
171.756,143.0,4.17175,-0.92,521.0,0.276475
201.231,51.0,12.4926,-1.0804,320.0,0.272989
54.2502,65.0,2.03455,-0.2474,439.0,0.538172
112.182,60.0,5.0275,-0.5522,355.0,0.221541
116.525,80.0,4.16095,-0.5588,419.0,0.912172
132.759,97.0,4.3253,-0.70915,381.0,0.0969096
13.9212,90.0,0.34824,-0.09062,334.0,0.0207706
52.7539,58.0,2.3271,-0.28095,294.0,0.0717895
118.151,71.0,4.2852,-0.58125,332.0,0.390201
206.481,125.0,8.3137,-1.1525,542.0,0.109855
59.7753,187.0,0.6968,-0.3368,460.0,0.17348
16.1044,96.0,0.365685,-0.1033,343.0,0.0383981
106.984,58.0,4.95355,-0.6372,305.0,0.597763
97.9726,104.0,3.3073,-0.59735,391.0,0.158901
163.674,92.0,5.04145,-1.0554,304.0,0.00548509
176.655,65.0,10.8253,-1.201,552.0,0.239883
118.237,129.0,3.33325,-0.63705,444.0,0.0613419
140.158,121.0,5.8475,-1.13195,356.0,0.0171125
53.1002,72.0,1.7839,-0.3893,270.0,0.0953773
41.2982,140.0,0.6659,-0.27795,350.0,0.00952436
69.3053,74.0,2.4627,-0.3499,354.0,0.0379538
65.4716,76.0,2.0507,-0.2952,370.0,0.0811257
59.0324,86.0,2.08855,-0.2209,574.0,1.55458
136.904,84.0,3.9569,-0.6487,344.0,0.256587
94.9444,110.0,3.0062,-0.61185,404.0,0.00695099
77.2757,63.0,3.0367,-0.7772,201.0,0.00326184
62.7612,77.0,2.27255,-0.3758,305.0,0.0321705
49.8153,136.0,0.925,-0.23175,477.0,0.126982
95.4943,53.0,5.37485,-0.555,326.0,0.0548274
65.4846,85.0,1.93445,-0.2313,513.0,1.06995
82.0816,97.0,3.7955,-0.69745,415.0,0.0140825
78.1436,55.0,3.8534,-0.90335,158.0,7.49682e-05
130.406,123.0,3.76815,-0.6425,461.0,0.42169
128.432,90.0,6.0769,-0.4848,656.0,0.662814
177.952,73.0,7.3483,-1.29805,313.0,0.00886998
120.957,110.0,2.57805,-0.8012,338.0,0.107635
87.0648,69.0,3.0856,-0.87665,224.0,0.00325252
141.191,113.0,4.10015,-0.72025,537.0,1.7493
45.9919,85.0,1.4018,-0.2213,403.0,0.187301
146.723,108.0,4.65655,-0.83445,476.0,0.347306
178.078,124.0,4.1083,-0.9405,425.0,0.493133
73.9325,82.0,2.15095,-0.4114,306.0,0.145964
25.8277,143.0,0.488015,-0.16665,383.0,0.0707063
132.551,116.0,2.5998,-0.4295,583.0,0.855831
87.2431,154.0,1.42195,-0.46955,474.0,0.0975138
148.793,81.0,5.8629,-0.50295,558.0,1.43046
107.839,65.0,5.31045,-0.9506,277.0,0.000787582
71.6504,57.0,3.7231,-0.3551,370.0,0.118541
133.061,90.0,4.0573,-0.70365,382.0,0.256353
150.141,105.0,4.59305,-0.5095,634.0,0.918548
14.3911,73.0,0.497955,-0.10995,255.0,0.000147056
65.8618,102.0,1.5637,-0.3919,316.0,0.049663
68.7833,57.0,3.23945,-0.3519,304.0,0.0567781
202.724,76.0,7.52605,-1.4047,265.0,0.013403
212.061,84.0,8.8111,-1.0925,510.0,0.754503
124.629,87.0,5.67415,-1.0749,277.0,0.0118707
168.239,70.0,6.30255,-2.0421,203.0,3.4769e-06
113.388,71.0,4.19245,-0.9449,217.0,2.47994e-05
64.766,72.0,2.2338,-0.2604,439.0,0.492739
30.7138,53.0,1.47605,-0.5641,136.0,6.40666e-08
91.8769,78.0,3.9345,-0.61205,291.0,0.0388674
120.493,181.0,1.9291,-0.4739,593.0,1.73258
113.754,71.0,4.45885,-0.5827,339.0,0.0433277
74.9521,79.0,2.2764,-0.27635,444.0,0.462109
63.4647,77.0,2.20065,-0.1993,538.0,0.635782
76.732,96.0,2.87075,-0.5058,343.0,0.0341752
155.108,113.0,6.69005,-1.2019,389.0,0.0169249
99.4733,120.0,2.43135,-0.59335,382.0,0.00369936
57.9266,105.0,1.2583,-0.4532,329.0,0.00512741
149.358,87.0,5.50735,-1.1407,281.0,0.000491361
55.2084,66.0,2.2285,-0.2733,368.0,0.150274
122.11,86.0,4.4389,-0.78155,391.0,0.530181
183.543,71.0,10.4872,-0.87495,599.0,1.17525
100.362,91.0,3.632,-0.47175,404.0,0.265035
204.641,139.0,8.7098,-1.396,498.0,1.03535
110.252,75.0,4.6956,-0.78205,287.0,0.000946178
128.675,48.0,8.2337,-0.6503,336.0,0.194771
195.896,117.0,5.77805,-1.27745,364.0,0.0210871
112.978,70.0,4.6404,-0.70015,303.0,0.0421203
144.927,81.0,4.62715,-0.86645,315.0,0.155142
180.164,88.0,5.8881,-1.0025,432.0,0.800002
88.211,92.0,2.57025,-0.4223,387.0,0.428536
31.1372,64.0,1.1707,-0.3349,204.0,0.00763494
195.649,211.0,4.5009,-0.9775,603.0,0.889815
64.4426,71.0,2.68905,-0.44545,280.0,0.0028007
29.3271,60.0,1.16925,-0.30275,218.0,0.005365
152.478,122.0,5.25875,-0.8103,472.0,0.308924
162.988,86.0,6.8173,-0.82135,449.0,0.359122
209.269,81.0,8.28465,-1.63225,309.0,0.0106282
77.1423,105.0,2.53825,-0.2588,584.0,0.943488
149.337,102.0,3.9437,-0.608,492.0,1.07322
87.483,96.0,3.0973,-0.4706,402.0,0.293353
14.1873,90.0,0.424965,-0.10168,292.0,0.00652834
94.6945,84.0,4.51155,-0.5378,418.0,0.265958
111.707,82.0,3.72995,-0.8273,269.0,0.000453729
38.705,84.0,1.0261,-0.3315,276.0,0.0151541
86.0743,77.0,4.31365,-0.484,563.0,1.02967
80.8593,61.0,3.87615,-0.24395,562.0,1.7706
37.153,76.0,1.08055,-0.37005,237.0,0.00116884
81.28,106.0,2.1041,-0.40585,496.0,1.28454
24.0561,68.0,0.852065,-0.3076,178.0,0.000148134
170.58,132.0,4.12705,-1.00995,421.0,0.480367
122.65,112.0,2.88635,-0.80305,395.0,0.0489012
61.9075,63.0,2.3939,-0.37575,261.0,0.00291259
177.14,74.0,8.794,-1.6471,327.0,0.00308457
181.41,151.0,4.9408,-0.9202,535.0,1.16571
59.4339,56.0,2.7699,-0.2971,292.0,0.0360052
59.7518,54.0,2.99975,-0.63545,177.0,0.000202698
44.0628,71.0,1.6561,-0.2456,304.0,0.0176794
108.918,70.0,4.61945,-0.54295,365.0,0.419802
109.104,89.0,3.85135,-0.7619,308.0,0.0303457
192.307,94.0,6.5424,-1.6687,301.0,0.000769015
83.6093,82.0,2.46455,-0.5649,254.0,0.00581706
72.6543,95.0,2.05865,-0.25515,509.0,1.21825
36.0271,61.0,1.43556,-0.3677,226.0,0.000549988
52.6488,61.0,2.1227,-0.5269,211.0,0.0585876
114.22,80.0,4.20695,-0.8901,257.0,0.000412053
125.346,62.0,6.5047,-0.69125,347.0,0.114353
86.7597,75.0,4.88305,-0.59065,363.0,0.0486627
113.933,72.0,4.6406,-0.6299,308.0,0.0224633
21.5289,90.0,0.521445,-0.159,299.0,0.0438666
37.0783,82.0,1.07945,-0.2676,296.0,0.0172998
143.808,177.0,3.239,-0.7542,576.0,1.36103
182.522,167.0,6.1794,-0.94615,642.0,1.30706
126.507,180.0,2.91955,-0.7074,568.0,0.432909
115.92,58.0,6.3318,-0.75025,310.0,0.0616976
61.2923,161.0,0.78675,-0.54665,308.0,0.00490854
97.5343,72.0,3.5776,-0.43575,403.0,0.290215
48.1946,69.0,1.70005,-0.47295,210.0,0.00311142
89.2844,91.0,2.85195,-0.3682,467.0,0.621402
104.861,85.0,3.07275,-0.76545,247.0,4.3221e-05
52.1612,50.0,2.66355,-0.40015,281.0,0.11845
177.942,115.0,4.941,-0.94995,412.0,0.710441
79.7654,126.0,1.95225,-0.3141,606.0,0.504464
140.262,81.0,5.186,-1.05025,311.0,0.00690076
73.9827,78.0,2.51335,-0.31455,429.0,0.353115
151.879,78.0,6.72445,-1.1291,323.0,0.0505314
116.233,105.0,4.5602,-0.6542,487.0,1.59087
99.407,96.0,3.95595,-0.651,515.0,0.115509
103.399,113.0,3.1519,-0.53705,534.0,0.334404
162.956,108.0,5.30455,-0.7434,491.0,0.693337
100.185,72.0,3.57545,-0.3834,472.0,0.92877
140.16,101.0,3.5811,-0.5365,572.0,0.809715
165.072,60.0,10.0921,-0.84695,516.0,0.373086
78.0533,43.0,5.1333,-0.8345,188.0,0.00555707
142.913,66.0,5.82585,-0.54725,420.0,0.964329
79.7353,69.0,3.36765,-0.77125,211.0,0.000814389
37.6736,71.0,1.39425,-0.1644,390.0,0.0581687
125.069,68.0,5.13855,-0.71965,283.0,0.0908837
56.0154,79.0,1.8011,-0.42945,275.0,0.000673438
80.2651,84.0,3.5364,-0.3535,467.0,0.12216
77.7379,69.0,3.0891,-0.3229,429.0,0.419093
82.195,135.0,1.9301,-0.486,410.0,0.0105819
175.303,50.0,11.438,-0.83,344.0,0.0787825
112.142,86.0,3.0208,-0.87845,281.0,0.00209276
156.657,90.0,6.6609,-1.1393,407.0,0.127683
157.202,166.0,5.3342,-0.844,611.0,0.366566
156.954,106.0,3.9528,-0.7835,432.0,0.0167098
185.782,79.0,9.13,-0.754,573.0,1.52009
118.915,118.0,4.3159,-0.43045,625.0,0.720478
31.325,67.0,1.09735,-0.1945,362.0,0.203591
49.6666,88.0,1.37845,-0.2708,325.0,0.100429
150.949,65.0,6.6865,-0.85335,316.0,0.714447
52.1592,154.0,0.72055,-0.3605,387.0,0.0371644
200.992,78.0,9.8962,-1.154,495.0,0.901697
96.8527,70.0,3.46225,-0.5869,262.0,0.0425312
78.5486,123.0,1.92175,-0.2547,664.0,0.826234
175.514,79.0,7.31935,-1.26725,285.0,0.271316
72.2341,199.0,1.36441,-0.25815,671.0,0.338566
159.118,71.0,7.80555,-0.905,393.0,0.125043
184.05,105.0,5.8661,-0.6885,560.0,1.30866
218.427,146.0,5.37295,-1.3215,440.0,0.128588
163.947,143.0,3.83005,-1.03295,409.0,0.0189412
108.7,73.0,4.76055,-1.46395,190.0,8.02198e-05
204.989,122.0,6.8391,-0.906,528.0,1.53556
14.7652,53.0,0.70781,-0.23645,151.0,4.29062e-05
159.034,86.0,6.28355,-0.71535,454.0,0.814709
109.766,55.0,6.91895,-0.69855,325.0,0.0254714
125.284,102.0,4.4552,-0.5806,493.0,0.621687
115.49,133.0,3.46325,-0.6407,552.0,0.615876
217.108,87.0,11.6491,-1.053,532.0,0.937799
118.599,72.0,6.2134,-0.9786,280.0,0.0107917
56.6526,98.0,1.63785,-0.34095,354.0,0.0892469
113.263,56.0,5.2013,-0.78735,261.0,0.14932
86.5263,147.0,2.20265,-0.6382,417.0,0.00500097
77.7287,56.0,3.97565,-0.8048,175.0,0.000105869
53.0134,72.0,1.6904,-0.6527,199.0,1.82414e-05
103.498,93.0,3.06165,-0.6055,320.0,0.0149319
10.7119,78.0,0.327315,-0.08827,304.0,0.000352276
45.654,71.0,1.55475,-0.3938,240.0,0.00296652
72.5788,63.0,3.58555,-0.4487,295.0,0.0789391
44.3629,87.0,1.2065,-0.2679,289.0,0.0514166
56.1694,89.0,1.5203,-0.38615,313.0,0.0351628
40.6974,75.0,1.284,-0.3172,246.0,0.0123115
158.073,57.0,9.1072,-1.3476,212.0,9.97189e-05
41.6468,62.0,1.59605,-0.38725,261.0,0.0909454
203.703,130.0,7.8085,-1.85275,403.0,0.00852823
122.658,108.0,4.0039,-0.5085,612.0,0.652062
99.7486,71.0,3.43155,-0.8822,231.0,0.0336434
194.348,56.0,13.3394,-0.832,494.0,1.83191
98.7699,59.0,8.1292,-0.8558,397.0,0.0337508
171.817,82.0,5.7059,-1.0105,313.0,0.432762
70.8156,138.0,2.015,-0.30535,536.0,0.081115
135.425,61.0,5.8686,-0.8798,251.0,0.0104223
124.311,86.0,4.0844,-0.47625,505.0,1.38922
81.6258,158.0,1.78097,-0.4138,495.0,0.185875
124.851,157.0,2.20745,-0.52055,546.0,0.334763
172.438,63.0,7.75065,-0.73405,430.0,0.23642
121.189,89.0,3.5915,-0.7783,284.0,0.0073202
118.871,119.0,3.7857,-0.6936,441.0,0.344874
170.882,44.0,12.3719,-1.3388,198.0,0.000210313
104.738,100.0,4.12135,-0.8253,327.0,0.0173826
107.853,74.0,3.826,-1.10025,203.0,0.000583525
145.712,58.0,7.53045,-1.028,233.0,0.00310167
122.345,80.0,5.56995,-0.76355,382.0,0.0845106
19.878,86.0,0.52987,-0.16535,247.0,0.00135867
148.676,72.0,5.943,-0.5316,501.0,1.42001
194.43,77.0,7.92865,-0.97765,383.0,0.643726
28.1921,149.0,0.4093,-0.0684,806.0,1.9911
143.547,58.0,6.94645,-0.7048,311.0,0.083101
35.3105,90.0,0.92445,-0.2626,275.0,0.000827779
35.7318,71.0,1.16515,-0.35345,221.0,0.0108374
66.2898,59.0,3.5302,-0.36035,298.0,0.00913761
109.396,71.0,4.2546,-0.6392,284.0,0.0140271
163.87,70.0,6.3092,-0.7869,346.0,0.183162
164.878,75.0,7.08935,-0.8043,421.0,0.616299
78.7251,139.0,1.4399,-0.5612,335.0,0.0092423
58.2854,76.0,1.9164,-0.21555,438.0,0.308714
176.274,45.0,12.646,-1.5738,192.0,0.00212877
121.271,72.0,4.9063,-0.65885,332.0,0.651692
172.896,135.0,4.27445,-0.7675,654.0,1.8473
102.081,99.0,2.3712,-0.5994,331.0,0.148713
65.1386,71.0,2.63,-0.27915,416.0,0.540875
121.838,80.0,7.2784,-0.54735,613.0,0.49387
55.0647,77.0,1.7908,-0.561,207.0,4.28101e-05
177.965,101.0,6.38125,-1.23175,352.0,0.0467819
84.1699,68.0,3.59995,-0.4964,369.0,0.0593083
127.883,78.0,4.4807,-0.62805,356.0,0.0660907
133.441,138.0,4.0889,-0.9523,414.0,0.0524487
39.3681,50.0,2.02575,-0.709,126.0,0.000375575
168.658,66.0,7.4484,-0.6969,447.0,1.78203
94.5232,75.0,2.9572,-0.8082,256.0,0.283593
150.852,67.0,5.92165,-1.3016,212.0,0.00208936
60.8325,142.0,1.291,-0.2368,536.0,0.40749
116.427,83.0,4.4856,-0.43905,500.0,0.278599
15.0119,192.0,0.12478,-0.08325,468.0,0.00568751
124.129,55.0,7.3937,-0.4886,438.0,1.3473
61.9505,71.0,2.0372,-0.72585,218.0,0.00580939
72.1778,70.0,2.57685,-0.53125,246.0,0.00239361
43.4238,156.0,0.5602,-0.45225,265.0,7.34746e-05
34.6193,108.0,0.786135,-0.1724,444.0,0.0114715
87.5944,93.0,2.43415,-0.61295,283.0,5.63615e-05
26.1188,177.0,0.286145,-0.1401,471.0,0.0836341
63.4214,85.0,2.6183,-0.328,427.0,0.0690342
119.215,80.0,5.29725,-0.7858,407.0,0.199549
70.6929,72.0,3.44825,-0.25535,514.0,0.866012
32.9006,73.0,1.1162,-0.2995,222.0,0.000602021
106.514,63.0,4.9244,-0.44555,430.0,0.398081
130.579,73.0,4.98875,-0.56015,396.0,0.226783
163.665,73.0,7.9861,-0.8553,439.0,0.964077
188.005,71.0,8.78395,-1.1944,335.0,0.102217
125.469,92.0,6.15345,-0.70175,531.0,0.652533
56.7644,103.0,1.36945,-0.31765,359.0,0.0716582
147.286,61.0,7.24835,-0.58465,485.0,0.800791
181.195,82.0,7.10505,-0.89365,414.0,0.630201
35.1085,131.0,0.57355,-0.27575,339.0,0.0030626
67.6593,95.0,1.94765,-0.5125,272.0,2.73819e-05
40.4264,123.0,0.77905,-0.29025,310.0,0.000624035
187.931,89.0,5.84155,-1.377,280.0,0.00607093
52.0463,119.0,1.02555,-0.4375,278.0,0.000442241
80.152,76.0,2.86025,-0.3868,384.0,0.0899414
53.2313,71.0,1.8738,-0.5004,215.0,0.00171311
12.0297,98.0,0.27298,-0.080295,328.0,0.000256429
123.409,84.0,4.63325,-1.0135,277.0,0.0204543
158.362,78.0,5.64145,-0.93505,297.0,0.0557245
175.853,88.0,5.9158,-0.8976,371.0,0.216532
111.502,137.0,2.19245,-0.60025,418.0,0.302536
112.202,78.0,4.4114,-0.99635,242.0,0.000593543
63.1096,66.0,2.3555,-0.62605,210.0,0.00269716
60.0218,85.0,1.63745,-0.28895,367.0,0.207601
104.975,49.0,6.3077,-0.6054,321.0,0.103765
75.2129,66.0,3.42645,-0.53755,257.0,0.000814689
104.809,89.0,4.3814,-0.7061,352.0,0.061038
147.556,70.0,9.78285,-0.55015,686.0,1.56621
130.766,50.0,7.7414,-0.7913,233.0,0.00432594
66.8443,58.0,3.01615,-0.8189,168.0,0.000259231
96.9902,105.0,2.4313,-0.5712,458.0,0.411091
128.686,182.0,3.49105,-0.71815,568.0,0.526837
36.726,85.0,1.00045,-0.3449,238.0,2.62345e-05
76.726,68.0,4.4649,-0.4182,451.0,0.654483
91.3569,134.0,2.4021,-0.27375,676.0,1.71981
119.382,114.0,2.9898,-0.6829,457.0,0.091193
130.912,190.0,2.5962,-0.5781,579.0,0.608186
56.0461,78.0,1.76655,-0.26275,423.0,0.518849
59.9862,81.0,1.787,-0.4438,274.0,0.00346668
134.78,70.0,5.15775,-1.0412,239.0,0.00329665
145.797,62.0,7.0289,-0.90885,265.0,0.0106687
154.848,89.0,6.0739,-0.6292,487.0,0.90721
69.2566,64.0,2.7695,-0.3502,399.0,0.400029
227.977,107.0,9.7091,-1.7085,378.0,0.0581061
90.4406,61.0,4.71925,-0.52275,377.0,0.222126
214.198,68.0,10.1953,-1.154,365.0,0.18362
74.898,84.0,2.41365,-0.45475,316.0,0.00854338
75.8364,58.0,3.4555,-0.50325,293.0,0.0648238
174.002,87.0,8.4034,-0.8834,487.0,0.319428
21.6971,122.0,0.429055,-0.1472,358.0,0.000870422
49.8297,75.0,1.6762,-0.3592,262.0,0.000775529
73.4765,50.0,3.95035,-0.99875,151.0,0.000480136
35.11,108.0,0.83288,-0.27305,291.0,0.000255424
193.944,112.0,6.4151,-1.07255,427.0,0.803564
80.3149,97.0,2.33385,-0.40755,385.0,0.0648357
196.677,86.0,7.4166,-0.8865,467.0,1.48332
32.523,83.0,0.96912,-0.1564,387.0,0.101763
79.5503,77.0,2.45785,-0.69245,242.0,0.022012
133.153,67.0,6.15085,-0.8976,387.0,0.00955131
75.1839,129.0,1.7999,-0.3207,510.0,0.238436
179.8,150.0,3.86335,-1.156,427.0,0.0119437
53.3242,120.0,1.19155,-0.18625,572.0,1.64788
179.664,81.0,9.39705,-1.1407,412.0,0.0846669
58.9039,52.0,3.18425,-0.29515,314.0,0.0475698
138.432,68.0,8.5601,-0.94845,427.0,0.0227581
19.4641,47.0,1.11507,-0.3479,123.0,0.000461867
76.6683,58.0,3.73755,-1.1728,141.0,5.06952e-06
96.0254,58.0,4.7893,-0.77045,224.0,0.0117106
151.856,135.0,5.01965,-0.65915,563.0,0.384388
148.396,94.0,7.22045,-0.90975,445.0,0.446492
119.387,79.0,3.7542,-0.6627,297.0,0.018649
95.8588,79.0,3.4921,-0.57305,311.0,0.0536226
116.978,85.0,6.93875,-0.91855,425.0,0.194992
64.7926,64.0,2.54355,-0.3168,321.0,0.0809752
189.697,88.0,7.96705,-0.8961,480.0,1.49088
71.6529,78.0,2.4046,-0.36445,331.0,0.0414894
119.673,118.0,2.98995,-0.9354,321.0,0.00220534
15.2258,171.0,0.165245,-0.15244,302.0,0.000283023
154.078,105.0,4.3315,-0.712,546.0,0.672092
130.727,104.0,6.475,-0.92995,506.0,0.292101
74.3162,54.0,4.4344,-0.76695,187.0,0.000609163
101.84,67.0,3.8941,-1.06255,196.0,0.000225358
97.0939,58.0,5.0712,-0.48115,318.0,0.0566497
184.652,76.0,7.17605,-0.72365,485.0,0.445905
154.057,61.0,6.8837,-1.7949,164.0,4.437e-05
79.1652,63.0,3.14865,-0.43885,311.0,0.183351
109.463,60.0,5.9271,-0.77585,305.0,0.045273
137.052,140.0,3.34435,-0.74275,473.0,0.479902
69.8193,72.0,2.77715,-0.2466,492.0,0.782159
84.217,102.0,2.92035,-0.6665,338.0,0.032709
65.0111,78.0,2.0133,-0.5619,229.0,0.000839724
143.122,111.0,4.2452,-0.7105,436.0,0.143826
78.5052,65.0,3.0804,-0.37035,352.0,0.134109
80.9008,73.0,2.8213,-0.8651,207.0,0.00277415
55.0878,72.0,2.036,-0.32555,282.0,0.00766054
77.1007,97.0,2.8012,-0.62085,305.0,0.00293708
80.2136,65.0,3.43475,-0.66975,216.0,0.00628901
181.071,166.0,2.8292,-0.957,536.0,0.213338
135.911,56.0,8.35355,-0.49645,564.0,0.482921
54.5022,68.0,1.99715,-0.33465,311.0,0.180329
69.3373,102.0,1.5548,-0.3792,384.0,0.239
189.049,171.0,4.51385,-1.122,476.0,0.0551517
72.8149,96.0,2.32305,-0.4184,400.0,0.398597
51.4359,72.0,1.65285,-0.38805,308.0,0.376114
48.0646,76.0,1.57435,-0.4928,191.0,5.8721e-06
67.7297,100.0,2.40995,-0.26415,524.0,0.441816
102.738,64.0,3.8709,-0.7753,248.0,0.0188796
107.378,68.0,6.6348,-0.5508,605.0,0.818783
202.864,69.0,14.6879,-1.53355,441.0,1.0005
154.81,78.0,5.55855,-1.0999,276.0,0.00697865
86.5888,103.0,2.373,-0.48325,356.0,0.0268128
136.33,157.0,2.68665,-0.7713,484.0,0.482444
177.406,68.0,9.6549,-0.98835,357.0,0.023645
73.5057,66.0,3.23705,-0.5331,260.0,0.000163025
143.725,75.0,6.5241,-0.6032,478.0,0.348197
164.725,88.0,5.95755,-0.7681,413.0,0.189851
147.14,63.0,6.2725,-0.7634,292.0,0.0425669
114.681,96.0,2.94405,-0.68545,341.0,0.154043
113.379,73.0,4.06345,-0.8789,242.0,0.00665612
73.2142,62.0,3.445,-0.3343,545.0,0.68855
85.8591,64.0,3.24595,-1.0222,193.0,0.0122679
87.9786,196.0,2.0148,-0.3936,606.0,0.422795
103.062,71.0,3.8594,-0.52525,338.0,0.110853
87.5853,114.0,1.7831,-0.5247,415.0,0.0629107
163.978,93.0,4.61185,-0.7268,408.0,0.853659
100.251,87.0,3.26185,-0.5631,348.0,0.1364
76.6772,136.0,1.4398,-0.3797,471.0,0.672538
126.587,128.0,2.9937,-0.8279,425.0,0.0750521
120.927,73.0,3.9072,-1.1692,257.0,0.156184
100.105,59.0,5.33465,-0.517,389.0,0.0613973
63.668,117.0,1.5853,-0.31795,420.0,0.0503355
221.553,131.0,9.38,-1.1215,576.0,0.927386
151.749,88.0,4.02035,-1.4345,275.0,0.000332309
113.118,71.0,3.81785,-1.22835,210.0,0.000230175
45.3691,76.0,1.39335,-0.51035,216.0,0.00952309
99.0471,114.0,2.074,-0.5461,423.0,0.42332
86.1113,83.0,2.5743,-0.6248,264.0,0.006403
37.9147,83.0,1.11065,-0.1992,329.0,0.137991
97.4263,87.0,3.45805,-0.3706,488.0,0.670297
94.262,111.0,2.72555,-0.6345,392.0,0.153301
53.3157,70.0,1.956,-0.40645,227.0,0.00137831
141.459,109.0,5.24675,-0.69625,693.0,1.86614
172.822,59.0,10.0921,-1.0251,403.0,0.073549
136.754,109.0,4.60645,-0.9679,354.0,0.00356835
158.842,63.0,6.781,-0.8032,308.0,0.082604
98.1983,103.0,3.30005,-0.5218,396.0,0.191464
35.0168,87.0,0.9606,-0.1581,385.0,0.082076
77.182,122.0,1.60445,-0.79755,273.0,0.00103952
46.2571,75.0,1.40975,-0.267,360.0,0.233329
87.018,89.0,2.9405,-0.3535,484.0,0.39131
99.5101,94.0,6.0831,-0.4609,631.0,0.94863
71.4207,62.0,2.78445,-0.87795,176.0,0.0022408
112.067,88.0,3.4832,-0.5931,391.0,0.415843
198.671,86.0,7.34545,-1.57985,298.0,0.0165642
130.66,49.0,8.1512,-1.26525,182.0,0.00230199
153.499,64.0,8.3219,-0.72095,396.0,0.711142
157.346,79.0,5.4707,-0.8214,319.0,0.0668165
113.175,110.0,3.2504,-0.8668,365.0,0.075565
68.9019,134.0,2.60005,-0.40865,559.0,0.42991
53.451,60.0,2.5597,-0.3847,230.0,0.00149506
30.6792,73.0,1.1178,-0.2462,238.0,0.00235862
100.431,124.0,3.77205,-0.76645,439.0,0.0486375
77.0893,106.0,2.1347,-0.40835,388.0,0.122371
88.0887,92.0,3.58675,-0.55745,370.0,0.0392282
60.3845,124.0,1.68375,-0.2705,480.0,0.124756
144.852,123.0,2.8176,-0.499,581.0,0.479456
71.9971,94.0,1.65495,-0.5981,336.0,0.00133054
79.9181,110.0,2.1601,-0.4908,369.0,0.07407
84.0002,65.0,3.4183,-0.37805,337.0,0.129489
102.387,93.0,3.8425,-0.5303,435.0,0.193787
138.01,72.0,6.0604,-1.07125,247.0,0.00569222
127.646,129.0,3.3125,-0.7591,397.0,0.0473993
117.703,146.0,2.011,-0.6126,479.0,0.807574
28.0677,85.0,0.7307,-0.2023,396.0,0.384783
26.917,134.0,0.43925,-0.12275,527.0,0.0470661
192.369,116.0,7.8783,-1.872,398.0,0.00172074
224.707,126.0,7.5441,-1.978,377.0,0.00468989
179.65,73.0,8.21225,-1.3026,324.0,0.0438512
89.8459,73.0,4.1941,-0.4327,449.0,0.613197
114.078,94.0,4.3155,-0.46555,480.0,0.596329
84.1021,64.0,3.9915,-0.63145,254.0,4.33936e-05
124.106,73.0,4.66445,-1.0254,235.0,0.0427806
128.122,50.0,6.78165,-0.659,317.0,0.153804
67.0403,109.0,1.80255,-0.22125,595.0,1.07238
94.5617,65.0,3.87395,-0.99105,190.0,0.00252871
104.352,80.0,3.5704,-0.42395,431.0,0.207284
11.9673,67.0,0.434175,-0.191435,171.0,2.24881e-05
71.1489,77.0,2.52385,-0.53955,247.0,0.00355053
21.498,80.0,0.619975,-0.16185,355.0,0.0549858
42.8286,51.0,2.2585,-0.2105,374.0,0.162268
153.03,90.0,5.3234,-1.03375,356.0,0.120247
91.0834,140.0,1.9157,-0.4571,537.0,0.892906
196.129,51.0,13.87,-0.9155,393.0,0.519009
45.184,72.0,1.5831,-0.52885,181.0,2.57326e-05
127.86,180.0,3.16645,-0.73025,588.0,0.110829
103.082,58.0,6.64615,-0.6673,474.0,0.044044
105.439,73.0,4.92895,-0.78365,366.0,0.0352977
167.025,123.0,6.7413,-0.99555,488.0,0.290696
98.6414,69.0,3.7381,-0.37315,452.0,0.760544
124.659,82.0,4.1703,-0.39475,563.0,1.8199
145.02,67.0,8.693,-1.0791,407.0,0.0233832
107.476,84.0,3.9576,-0.91425,272.0,0.00143724
141.139,70.0,7.3771,-0.6081,479.0,0.403122
195.399,52.0,12.107,-1.1262,470.0,0.572085
58.3244,74.0,1.884,-0.4239,285.0,0.0410927
217.94,127.0,7.47375,-1.44,483.0,0.0940085
74.1208,52.0,4.568,-0.35855,364.0,0.129168
178.54,76.0,8.3058,-0.9143,469.0,0.132766
101.142,109.0,3.45435,-0.5259,452.0,0.0738246
170.929,80.0,6.40425,-1.0341,296.0,0.0103266
133.999,86.0,6.7794,-0.8189,423.0,0.0819949
93.4886,73.0,4.77925,-0.41425,527.0,1.30591
82.7074,92.0,2.156,-0.5639,286.0,0.0502586
33.5104,67.0,1.2151,-0.3727,196.0,0.000332587
125.836,97.0,4.01065,-1.04535,283.0,0.00935038
95.5941,67.0,4.07555,-0.52235,293.0,0.0255857
64.5251,70.0,2.22585,-0.54925,250.0,0.0207992
196.259,90.0,9.7078,-1.4435,397.0,0.00426538
69.2391,64.0,3.14195,-0.37905,322.0,0.0739137
85.9069,80.0,2.6294,-0.65585,251.0,0.00209362
117.752,104.0,3.5302,-0.5346,430.0,0.0852401
51.3299,96.0,1.1995,-0.38565,317.0,0.00172616
121.529,72.0,4.4534,-0.5332,408.0,0.191817
135.051,92.0,4.46735,-0.5816,433.0,1.63727
82.1891,141.0,1.4391,-0.5481,413.0,0.0132642
47.814,52.0,2.52395,-0.4061,207.0,0.00105464
47.3849,85.0,1.37355,-0.2632,339.0,0.0552523
33.1977,80.0,1.05235,-0.2485,268.0,9.53771e-05
59.9229,59.0,2.59835,-0.2727,362.0,0.249341
98.7182,53.0,5.3939,-0.4879,358.0,0.291863
72.3756,73.0,2.66885,-0.39805,307.0,0.0154776
114.23,65.0,4.86545,-0.5875,364.0,0.0870155
182.481,117.0,4.8427,-1.585,320.0,6.676e-05
42.4715,95.0,1.14025,-0.40125,228.0,1.59421e-06
65.7276,117.0,1.64095,-0.5311,294.0,0.00398454
64.0262,57.0,2.94215,-0.67675,191.0,0.00600994
71.6613,50.0,4.99715,-0.42395,404.0,0.0725705
44.2473,79.0,1.24305,-0.4761,228.0,0.000203314
136.658,137.0,3.70705,-0.74115,453.0,0.112508
212.712,147.0,8.3712,-1.3355,559.0,0.105268
76.0966,117.0,1.7229,-0.3564,466.0,0.424554
129.251,66.0,4.9025,-0.4425,476.0,1.22715
31.6853,87.0,0.88555,-0.13125,449.0,0.188454
61.2869,88.0,1.9855,-0.3903,306.0,0.0117994
141.698,73.0,6.6307,-1.1165,333.0,0.0110308
116.529,105.0,4.41265,-0.51645,496.0,0.249296
103.259,89.0,4.76735,-0.5005,542.0,0.486177
141.133,111.0,8.03985,-0.51345,737.0,1.08808
69.2426,71.0,2.37685,-0.6051,223.0,0.00139103
110.023,85.0,3.74585,-0.67795,323.0,0.100036
106.692,155.0,3.05125,-0.47345,567.0,0.233363
105.501,121.0,2.06555,-0.51675,479.0,0.0705429
185.764,86.0,8.4037,-1.173,493.0,0.466203
63.5509,65.0,2.36465,-0.7512,191.0,0.00123871
65.0824,86.0,2.5095,-0.38925,342.0,0.0149658
103.852,122.0,4.64615,-0.6048,626.0,0.832761
209.448,83.0,10.1102,-1.5945,304.0,0.0715694
82.0649,132.0,1.8144,-0.73505,316.0,0.00190369
75.5479,97.0,3.11725,-0.3794,508.0,0.591504
186.693,60.0,11.3096,-1.1662,335.0,0.0739238
93.935,81.0,3.6747,-0.3788,598.0,0.295281
161.322,132.0,3.79655,-1.047,409.0,0.00207575
67.342,116.0,1.57535,-0.39935,465.0,0.31078
190.476,90.0,7.19885,-1.4606,344.0,0.0395224
98.5777,88.0,3.84735,-0.36485,536.0,1.24336
47.2651,87.0,1.50265,-0.2923,300.0,0.003782
160.292,144.0,4.35845,-0.80535,520.0,0.893529
155.06,58.0,7.262,-0.8915,265.0,0.0459566
19.1033,79.0,0.578195,-0.1461,306.0,0.000402696
236.006,78.0,14.5376,-1.0955,655.0,1.69557
97.5958,90.0,2.93415,-0.4776,508.0,1.4059
201.68,116.0,8.4129,-0.675,695.0,1.63955
121.076,81.0,3.638,-1.05995,281.0,0.00182339
43.7602,83.0,1.2586,-0.24205,303.0,0.0621866
87.6383,120.0,2.26935,-0.4981,399.0,0.0752582
97.9314,56.0,5.70865,-0.3746,505.0,0.248681
21.2292,65.0,0.80222,-0.161,241.0,0.00947646
208.062,117.0,6.96875,-0.99,482.0,0.985902
80.9724,71.0,2.6807,-0.7785,227.0,0.00254432
155.138,139.0,3.46205,-0.6935,625.0,0.951091
211.541,62.0,11.2034,-1.322,418.0,0.425171
110.54,81.0,3.9775,-0.41025,507.0,0.602721
137.101,111.0,4.22925,-0.84855,371.0,0.0118206
79.6284,68.0,3.30165,-0.6258,238.0,0.00344408
199.247,67.0,12.7319,-1.51035,329.0,0.108961
80.7434,57.0,3.3772,-1.15335,155.0,0.00377559
91.0971,66.0,3.3488,-1.16955,191.0,1.42303e-05
64.5626,79.0,2.03765,-0.41635,269.0,0.00527049
115.355,94.0,2.85675,-0.6655,458.0,1.17558
145.594,117.0,4.2371,-0.8633,419.0,0.332627
79.6682,74.0,4.21505,-0.26355,612.0,1.62851
95.584,53.0,7.0775,-0.47495,460.0,0.247594
128.699,196.0,3.98205,-0.7466,638.0,0.99816
155.708,101.0,3.88195,-0.87275,360.0,0.526821
107.827,88.0,2.77,-1.056,269.0,0.0239663
120.432,84.0,4.14375,-0.6939,341.0,0.141029
164.809,132.0,5.0312,-0.6356,592.0,0.866713
130.662,112.0,3.78795,-0.6683,395.0,0.0815099
23.5953,59.0,0.9574,-0.1572,376.0,0.137697
100.518,70.0,4.14145,-0.4677,413.0,0.404246
114.453,56.0,8.3352,-0.546,499.0,0.616307
209.698,130.0,7.2033,-1.0495,515.0,0.677926
148.701,65.0,8.09885,-1.2978,329.0,0.000893803
162.06,81.0,6.2422,-1.11865,292.0,0.00114516
109.348,200.0,2.2875,-0.5067,643.0,1.56052
21.7297,73.0,0.70525,-0.15635,295.0,0.0541684
96.6778,108.0,2.37385,-0.3189,573.0,1.7002
68.4669,103.0,2.33465,-0.2819,517.0,0.229033
23.7847,69.0,0.825325,-0.21325,243.0,0.020626
109.224,65.0,4.37465,-0.54385,317.0,0.055685
172.565,170.0,3.80545,-0.57245,673.0,1.35184
57.8202,59.0,2.62195,-0.68245,175.0,0.000928233
68.329,106.0,2.1282,-0.4495,344.0,0.00639656
39.9967,77.0,1.1762,-0.38325,236.0,0.0266123
143.789,160.0,2.90735,-0.70295,501.0,0.841119
77.7693,66.0,3.139,-0.4857,256.0,0.00144984
216.642,186.0,5.93055,-1.4565,550.0,0.64563
158.138,77.0,9.46695,-0.56515,624.0,1.66617
165.202,63.0,8.54625,-0.6737,488.0,1.07311
121.116,81.0,5.935,-0.60395,475.0,0.199891
33.2624,75.0,1.00225,-0.32185,233.0,0.0368181
155.546,79.0,5.10965,-0.6684,395.0,0.195786
106.474,94.0,3.31135,-0.49335,408.0,0.534728
150.955,167.0,4.1358,-0.58135,601.0,1.79845
83.9602,95.0,4.5193,-0.34825,709.0,1.13004
190.631,90.0,6.3568,-1.8005,243.0,0.00077275
90.3733,108.0,2.63335,-0.52915,416.0,0.404273
79.4208,71.0,2.70225,-0.4863,290.0,0.145801
94.0819,69.0,3.87445,-0.6871,248.0,0.00905673
107.377,47.0,6.97315,-0.9441,193.0,0.00313788
131.38,51.0,6.9452,-0.89185,272.0,0.209424
147.615,74.0,6.1217,-1.21,295.0,0.00391166
25.4668,87.0,0.683655,-0.2316,234.0,0.000332293
42.2422,68.0,1.5297,-0.3158,258.0,0.00466958
105.449,78.0,3.36665,-0.44165,477.0,0.886491
167.599,74.0,6.70025,-0.79405,399.0,0.857087
158.008,71.0,7.1806,-1.20885,388.0,0.0130204
188.185,90.0,5.60965,-1.2984,314.0,0.0222134
195.61,63.0,9.9529,-1.18545,430.0,0.357517
88.0024,72.0,3.52365,-0.49825,313.0,0.0693985
14.4509,62.0,0.56744,-0.1524,218.0,0.00201601
181.566,65.0,9.0469,-1.023,449.0,0.377963
148.022,81.0,5.58015,-0.65925,444.0,0.386
26.7548,135.0,0.450195,-0.14435,420.0,0.00188355
114.08,79.0,5.5218,-0.4594,533.0,0.608301
91.2043,61.0,5.42545,-0.37255,629.0,0.739909
48.7072,106.0,1.19,-0.1451,657.0,1.83397
75.6252,93.0,1.77675,-0.4757,443.0,0.632984
109.692,97.0,3.99175,-0.98505,279.0,0.00416576
191.039,159.0,4.13675,-1.1805,473.0,0.0187133
123.723,71.0,5.0226,-0.57075,376.0,0.0853055
130.106,100.0,3.70075,-0.4389,616.0,0.863719
58.2596,80.0,1.69865,-0.46515,342.0,0.179564
108.33,50.0,10.5015,-0.5682,536.0,0.812413
161.433,94.0,4.05285,-1.101,338.0,0.00480726
109.14,95.0,2.5478,-0.89545,317.0,0.0127868
75.4088,78.0,2.6215,-0.4465,287.0,0.0193719
130.193,85.0,5.1929,-0.8187,320.0,0.0684731
163.196,68.0,7.36655,-1.19925,273.0,0.0127329
58.5051,64.0,2.18485,-0.5609,218.0,0.00333314
149.619,136.0,3.06365,-0.81545,415.0,0.0692894
52.4979,73.0,1.712,-0.4028,264.0,0.0689888
164.645,60.0,8.6684,-0.6792,456.0,0.400465
161.236,91.0,6.7039,-1.46255,298.0,0.00159556
60.8461,60.0,2.5674,-0.525,216.0,0.0103666
40.0691,98.0,1.00135,-0.3448,289.0,8.58949e-05
112.789,105.0,3.74645,-0.856,325.0,0.00103059
122.182,59.0,5.59375,-0.617,344.0,0.755433
52.7605,69.0,1.89895,-0.30985,265.0,0.0356884
91.5027,80.0,3.575,-0.53275,345.0,0.037957
66.5275,97.0,1.55985,-0.45805,409.0,0.478919
88.3881,56.0,5.14215,-0.40255,370.0,0.105853
22.5363,60.0,0.922035,-0.3688,146.0,3.38481e-05
89.5724,86.0,3.42945,-0.5145,347.0,0.0670372
126.727,175.0,4.0799,-0.5417,718.0,1.15235
80.5087,75.0,3.35655,-0.37745,542.0,0.231474
56.7257,103.0,1.4147,-0.2437,478.0,0.493536
10.4261,68.0,0.36835,-0.099005,226.0,0.00271546
111.977,84.0,3.1391,-0.8361,382.0,0.704831
207.795,71.0,13.6303,-1.8108,341.0,0.0164268
165.563,93.0,5.76215,-1.01965,443.0,0.027688
113.576,63.0,4.8833,-0.5513,380.0,0.329131
24.5407,90.0,0.66652,-0.1566,324.0,0.00493393
84.0684,59.0,4.4731,-0.6193,240.0,0.00746776
44.2153,73.0,1.5685,-0.28375,262.0,0.00350481
128.383,79.0,4.901,-1.44105,216.0,0.000345502
179.452,61.0,9.09965,-1.22585,253.0,0.0376868
159.283,98.0,6.7239,-0.78515,496.0,0.182777
65.6761,116.0,1.58675,-0.28535,469.0,0.227312
68.4413,85.0,2.1542,-0.5016,263.0,0.000801588
133.331,83.0,5.41025,-0.89945,300.0,0.00706008
119.897,78.0,4.44625,-0.90425,273.0,0.0113548
40.6726,55.0,1.90775,-0.6364,143.0,5.99549e-06
94.6451,70.0,3.3173,-0.65605,267.0,0.112299
39.0108,117.0,0.8146,-0.1457,590.0,1.0118
128.181,49.0,6.977,-1.3898,192.0,0.0115289
88.6796,64.0,4.00065,-0.43985,328.0,0.15784
91.9762,154.0,3.34775,-0.3922,559.0,0.641441
38.7648,141.0,0.60095,-0.1972,509.0,0.0365204
152.954,113.0,7.67515,-1.30685,451.0,0.115454
130.224,71.0,4.3529,-1.26085,229.0,0.0383814
99.7587,201.0,1.57795,-0.35625,655.0,0.728151
11.1284,60.0,0.45691,-0.13338,229.0,0.000504089
119.956,136.0,2.63135,-0.5366,477.0,0.119077
94.566,144.0,2.33815,-0.43795,497.0,0.312288
93.1113,54.0,5.4847,-0.3118,619.0,1.50021
183.866,80.0,7.16845,-1.2983,297.0,0.0395324
203.319,88.0,10.8661,-1.245,452.0,0.939257
93.3004,123.0,2.77655,-0.4514,497.0,0.380359
122.316,61.0,5.4419,-1.39815,180.0,0.000817464
95.4049,103.0,2.20075,-0.7048,330.0,0.0470556
71.8839,82.0,2.198,-0.2593,475.0,0.611411
84.8685,139.0,1.76545,-0.48705,466.0,0.248213
87.475,64.0,3.43585,-0.65935,257.0,0.0629902
78.2893,48.0,5.05095,-0.4342,275.0,0.0351477
133.855,78.0,5.84445,-0.83515,352.0,0.418497
49.4379,59.0,2.05535,-0.6958,167.0,0.0012797
82.5556,86.0,2.0751,-0.59135,416.0,1.82259
66.3074,116.0,1.8942,-0.4745,350.0,0.00127139
113.379,119.0,2.3715,-0.44335,526.0,0.854006
119.17,85.0,3.9246,-0.6891,361.0,0.0817725
54.2179,69.0,1.9232,-0.58905,210.0,0.00639409
196.407,145.0,6.10415,-1.0995,531.0,0.843581
166.189,68.0,7.5007,-1.1607,280.0,0.00555637
90.2214,54.0,5.55295,-0.63885,267.0,0.00192522
98.2889,114.0,2.0066,-0.76055,310.0,0.0115512
94.7099,52.0,4.68305,-0.77265,239.0,0.0461612
83.7967,81.0,2.4645,-0.47485,288.0,0.0879478
101.16,69.0,6.51975,-0.8502,361.0,0.00018535
48.8612,59.0,2.1119,-0.5535,189.0,0.00274209
42.6115,83.0,1.2058,-0.20115,459.0,0.540595
58.4199,50.0,3.28505,-0.25545,332.0,0.0431139
42.6693,64.0,1.7019,-0.4404,202.0,0.0010429
57.6269,74.0,2.0518,-0.2985,335.0,0.0471324
162.506,66.0,7.3332,-0.76215,408.0,0.238377
174.592,58.0,14.4751,-1.1731,600.0,0.652968
74.5414,157.0,1.65505,-0.33755,583.0,0.132527
98.6601,79.0,3.30715,-0.4245,392.0,0.808281
93.8986,107.0,2.0927,-0.72015,290.0,0.000767222
163.994,74.0,5.4112,-0.8875,325.0,0.340959
45.0605,70.0,1.6278,-0.428,220.0,0.00015774
149.618,80.0,7.7442,-0.6371,585.0,0.48101
60.0778,70.0,2.37875,-0.2625,391.0,0.17552
159.345,85.0,7.54945,-0.7455,505.0,0.968079
53.2782,99.0,1.1857,-0.3476,383.0,0.0047679
121.806,52.0,6.3113,-1.4268,172.0,0.000604525
78.3457,106.0,3.45275,-0.3941,559.0,0.976778
112.164,68.0,4.3453,-0.94125,229.0,0.0103001
67.7796,69.0,2.48625,-0.25035,473.0,0.328323
167.419,140.0,3.15165,-0.846,523.0,0.436845
41.8979,95.0,1.0448,-0.25985,367.0,0.13261
67.0632,99.0,1.6091,-0.4506,333.0,0.0201163
111.158,73.0,5.8491,-0.7476,485.0,0.701818
82.4778,103.0,3.42335,-0.51085,419.0,0.0344788
88.2582,59.0,3.94715,-0.3838,390.0,0.202883
99.4706,50.0,5.63215,-0.6211,258.0,0.0379639
53.3077,68.0,2.02305,-0.3276,274.0,0.0192485
179.901,252.0,2.464,-0.8055,694.0,1.13809
187.625,138.0,3.85065,-1.2535,407.0,0.0077652
88.3688,199.0,2.03585,-0.2892,775.0,1.16647
139.33,80.0,4.80025,-0.84875,298.0,0.0223741
97.8757,144.0,2.99629,-0.4899,501.0,0.741728
198.654,73.0,8.50745,-1.525,327.0,0.00306357
113.405,72.0,4.8001,-0.96305,259.0,0.000537192
159.455,142.0,3.20745,-0.8598,447.0,0.0324458
153.054,54.0,8.52655,-0.79495,332.0,0.0995041
99.0536,81.0,3.18865,-0.4752,363.0,0.354184
212.018,113.0,8.6724,-0.814,644.0,0.624699
196.86,62.0,11.4254,-1.14915,358.0,0.223337
105.395,70.0,4.05725,-0.4212,428.0,0.311823
122.291,85.0,3.5981,-1.04975,280.0,0.000396918
192.99,78.0,14.4084,-2.0,382.0,0.0634523
39.0581,67.0,1.4783,-0.23625,260.0,0.00239115
78.5456,52.0,4.1156,-0.24625,492.0,1.53155
165.465,87.0,7.51095,-1.34915,348.0,0.0313457
149.231,76.0,5.47155,-0.9002,294.0,0.0554325
20.2408,74.0,0.638535,-0.1699,244.0,0.00618376
160.59,66.0,6.52795,-1.0485,276.0,0.0874905
88.2486,94.0,2.182,-0.6062,384.0,0.222274
81.8947,144.0,1.5012,-0.5465,437.0,0.0136045
61.7135,87.0,1.77515,-0.4882,244.0,4.73617e-05
198.154,55.0,13.833,-1.3019,434.0,0.137795
121.217,67.0,6.17885,-0.51875,450.0,0.327077
138.682,65.0,7.30235,-0.8555,348.0,0.390558
186.914,83.0,8.6897,-0.8491,481.0,0.329781
107.013,92.0,3.0198,-0.82985,256.0,0.000277486
139.345,64.0,7.8536,-1.0117,294.0,0.00443607
148.535,62.0,8.0211,-0.8924,317.0,0.75818
140.97,60.0,6.14945,-0.7895,272.0,0.0323367
62.9877,92.0,1.8256,-0.3205,360.0,0.0874692
187.237,151.0,3.6043,-0.788,528.0,1.10147
144.803,57.0,9.7552,-0.9396,384.0,0.123799
220.279,192.0,5.23625,-1.3625,562.0,0.462232
210.157,74.0,8.7873,-1.467,358.0,0.0213663
151.27,94.0,6.6186,-0.68615,494.0,0.234413
112.731,101.0,5.6935,-0.854,486.0,0.086399
168.695,83.0,5.5319,-0.64535,515.0,0.552921
111.487,119.0,2.6461,-0.6132,396.0,0.0930934
115.164,99.0,4.16645,-0.48175,499.0,0.83584
134.315,118.0,4.03575,-0.855,390.0,0.0251187
168.475,198.0,3.9506,-1.1095,528.0,0.0231722
117.103,93.0,5.37985,-0.73835,434.0,0.114807
93.1836,152.0,1.67855,-0.3907,531.0,0.386848
161.006,70.0,6.4999,-0.8221,342.0,0.125328
45.5943,65.0,1.696,-0.477,214.0,0.0227212
137.096,72.0,5.0405,-1.06505,244.0,0.074049
195.272,146.0,4.60875,-0.9935,568.0,1.34378
124.383,79.0,5.32945,-0.72375,452.0,0.513947
199.602,78.0,15.2077,-1.84135,437.0,0.047298
176.422,84.0,8.3088,-1.2957,353.0,0.0108683
123.59,62.0,6.605,-0.8972,321.0,0.00414166
174.954,64.0,8.44015,-1.57605,212.0,0.000497426
126.789,60.0,5.37145,-0.5015,471.0,1.14425
58.7313,112.0,1.20495,-0.2968,466.0,0.199781
71.0315,117.0,1.6511,-0.481,342.0,0.000721467
26.1348,82.0,0.759805,-0.20665,278.0,0.00135031
76.6452,63.0,3.6542,-0.7705,251.0,0.00134214
93.3651,56.0,5.224,-0.48745,368.0,0.0395483
44.482,77.0,1.54395,-0.20825,390.0,0.156729
61.7285,90.0,1.66715,-0.3302,326.0,0.222486
192.203,89.0,9.12895,-1.0103,483.0,0.467733
77.5244,66.0,3.7776,-0.3221,407.0,0.0942341
106.476,94.0,3.1452,-0.5025,393.0,0.0926124
62.0447,74.0,2.0614,-0.46385,236.0,0.00112382
132.09,65.0,6.27525,-1.14705,222.0,0.0256816
113.954,76.0,4.053,-0.73715,284.0,0.0128299
106.486,53.0,5.20305,-0.38855,398.0,0.300385
94.6852,78.0,3.06935,-0.5953,262.0,0.00209731
77.0366,102.0,1.7549,-0.44465,350.0,0.529766
167.267,84.0,8.46585,-1.28505,442.0,0.109715
124.028,50.0,8.9606,-0.92355,323.0,0.0424067
122.759,65.0,4.6716,-0.4394,432.0,0.796687
139.286,66.0,7.8862,-1.12875,262.0,0.00307094
217.799,121.0,10.8659,-1.7745,500.0,0.113147
168.855,84.0,6.9991,-0.8239,462.0,1.45606
120.327,99.0,4.7868,-0.5482,610.0,0.36141
186.212,44.0,15.6617,-1.1355,325.0,0.0188165
186.815,52.0,11.9754,-1.6785,256.0,0.00157582
122.415,92.0,5.3746,-0.61475,639.0,1.75463
91.3339,73.0,3.2137,-0.5896,305.0,0.0536422
194.352,63.0,9.20525,-1.1811,290.0,0.0191296
110.091,85.0,3.38385,-0.7311,301.0,0.0304817
167.389,121.0,3.94855,-0.8545,434.0,1.15715
91.0295,91.0,2.3929,-0.6383,322.0,0.00860744
112.02,62.0,5.16725,-0.65755,270.0,0.018899
211.056,135.0,5.1794,-0.9515,487.0,1.07913
124.798,76.0,6.52475,-0.99075,324.0,0.0084148
99.813,78.0,3.1738,-0.7507,247.0,0.0159082
164.287,97.0,5.23825,-1.5104,269.0,0.000985215
136.799,95.0,5.35675,-1.21885,331.0,0.00267497
175.179,70.0,6.7507,-0.89735,324.0,0.254474
225.755,183.0,6.4673,-0.975,656.0,1.76563
179.317,61.0,9.34305,-1.5594,242.0,0.00172319
170.088,90.0,5.4786,-0.914,469.0,0.15059
96.3862,130.0,3.7479,-0.7705,473.0,0.131579
62.6862,72.0,1.9814,-0.5688,255.0,0.089187
52.0012,61.0,2.17105,-0.27435,296.0,0.0234059
207.796,223.0,4.72895,-1.462,546.0,0.0388031
54.673,69.0,1.92105,-0.54555,204.0,0.00110079
136.424,83.0,4.5466,-0.9718,261.0,0.00175045
154.286,80.0,5.21625,-0.5646,465.0,1.86478
191.614,120.0,5.18645,-1.13695,401.0,0.0435006
78.0637,67.0,2.7424,-0.8114,205.0,0.00339156
163.557,80.0,10.8042,-0.82305,637.0,0.778041
100.412,78.0,3.3028,-0.8397,229.0,0.000417682
97.4606,104.0,2.90625,-0.46775,420.0,0.190563
90.5848,55.0,4.6042,-0.3974,415.0,0.440641
111.395,99.0,4.99385,-0.7057,457.0,0.164197
77.1513,67.0,3.70465,-0.4731,325.0,0.00931868
158.147,43.0,12.3241,-0.7915,377.0,0.201289
203.231,103.0,6.37045,-0.7205,548.0,1.58992
144.746,184.0,4.04145,-0.8782,556.0,0.185963
170.217,84.0,6.2596,-0.9845,362.0,0.300112
111.319,50.0,6.18925,-0.3588,517.0,1.81665
115.709,78.0,5.41295,-0.5141,504.0,0.873418
50.9169,96.0,1.2326,-0.34845,305.0,0.00834781
183.318,133.0,5.30185,-0.99285,443.0,0.315381
72.0621,75.0,2.1965,-0.7421,225.0,1.72196e-05
73.117,103.0,1.73155,-0.39835,361.0,0.0446228
77.747,62.0,3.30045,-0.5178,272.0,0.171937
87.5183,166.0,2.0515,-0.40475,547.0,0.397485
126.551,200.0,2.2457,-0.42755,678.0,0.535909
140.583,63.0,6.2296,-0.46775,494.0,1.47709
153.826,79.0,6.77095,-1.03075,319.0,0.0899355
72.6915,89.0,2.18885,-0.5454,299.0,5.9705e-05
97.6614,111.0,3.0539,-0.6041,439.0,0.332306
140.941,209.0,3.19555,-0.5816,664.0,1.69784
15.7884,80.0,0.47672,-0.11455,297.0,0.00276536
171.544,153.0,2.8036,-1.032,460.0,0.0391623
134.93,116.0,5.2061,-1.056,362.0,0.0671606
92.6835,98.0,3.027,-0.7761,277.0,0.0012259
85.0825,96.0,4.2298,-0.47095,626.0,1.47853
165.69,95.0,5.45395,-0.65435,502.0,0.629432
116.545,154.0,1.88505,-0.5195,612.0,1.5167
168.219,123.0,6.88915,-0.9833,599.0,1.2548
105.508,45.0,6.21615,-0.54945,360.0,0.692615
112.837,81.0,4.7623,-0.91875,264.0,0.0103606
120.507,58.0,6.34245,-0.8109,246.0,0.0128125
114.718,138.0,4.0064,-0.3853,640.0,1.16888
102.233,99.0,2.46675,-0.67585,308.0,0.00409822
197.172,111.0,7.15775,-0.988,486.0,1.11207
38.2981,64.0,1.5178,-0.37925,220.0,0.000824214
165.527,141.0,5.80595,-1.1858,485.0,0.129641
96.7327,48.0,5.5251,-0.6067,229.0,0.00692252
67.2492,116.0,1.44625,-0.5504,299.0,0.00293173
187.446,105.0,8.94395,-1.13825,482.0,0.966409
35.8541,72.0,1.22385,-0.30195,218.0,9.64558e-05
36.1262,123.0,0.811115,-0.3118,287.0,0.00759686
41.6452,99.0,0.9281,-0.3273,312.0,0.000538435
73.6744,86.0,2.2873,-0.4952,284.0,0.000894065
40.9159,54.0,1.97285,-0.50225,174.0,0.00158718
185.907,87.0,7.11375,-0.88385,451.0,0.737348
11.8431,64.0,0.455475,-0.18708,186.0,4.67521e-05
45.9406,174.0,0.5573,-0.26605,461.0,0.483916
141.124,107.0,3.55365,-0.9789,323.0,0.0485643
172.634,98.0,5.0883,-0.883,498.0,1.01756
112.075,71.0,3.95665,-0.63335,275.0,0.0051629
136.174,96.0,4.5012,-0.7893,377.0,0.295006
10.6047,91.0,0.26767,-0.07984,304.0,0.00636689
201.428,89.0,7.97995,-1.05775,468.0,1.57457
171.483,57.0,9.93305,-1.0178,311.0,0.0133598
122.338,58.0,5.88065,-0.4207,523.0,1.69368
40.697,60.0,1.73255,-0.46655,183.0,5.38029e-05
191.117,136.0,5.067,-0.7755,553.0,1.47411
83.0085,142.0,2.72895,-0.4005,573.0,0.273627
201.5,69.0,11.4356,-1.24815,404.0,0.754737
218.162,118.0,6.8211,-1.0595,454.0,0.762767
73.8787,156.0,1.8611,-0.3891,513.0,0.0203654
115.251,108.0,3.37045,-0.54535,477.0,0.0476713
150.564,75.0,5.7953,-0.62205,423.0,1.00708
102.97,80.0,3.44985,-0.96585,237.0,0.000107895
95.2518,116.0,3.2303,-0.36225,574.0,1.84051
31.6229,59.0,1.31425,-0.6334,128.0,9.3394e-07
79.9526,101.0,2.79005,-0.32135,524.0,0.181091
195.849,114.0,10.3537,-1.46615,560.0,0.249712
166.808,120.0,5.00885,-0.63325,536.0,0.950799
95.3307,92.0,6.46245,-0.47225,636.0,0.268267
75.7887,109.0,3.624,-0.6776,409.0,0.00945047
123.084,89.0,4.49425,-0.88115,386.0,0.0703244
34.8794,98.0,0.8637,-0.2296,294.0,0.00830945
93.2294,77.0,4.9353,-0.5714,420.0,0.0967797
160.326,88.0,7.6147,-1.3445,321.0,0.0585034
57.9471,82.0,1.75775,-0.38115,302.0,0.00665499
162.952,76.0,6.09875,-0.591,545.0,0.792873
101.347,203.0,2.5427,-0.53455,628.0,0.958296
49.2981,76.0,1.6662,-0.3571,235.0,0.000563771
16.3777,59.0,0.69833,-0.1908,188.0,0.00060411
125.435,60.0,5.8226,-0.74175,243.0,0.00599035
208.511,127.0,8.42505,-1.5715,429.0,0.242991
76.3489,79.0,2.5119,-0.3411,380.0,0.244624
88.0516,95.0,2.29315,-0.5529,317.0,0.0372969
13.2993,122.0,0.246145,-0.0823,389.0,0.00148272
130.365,61.0,8.08685,-0.8027,396.0,0.125163
122.032,87.0,3.2528,-0.94795,298.0,0.0225158
75.0303,105.0,2.4802,-0.39915,420.0,0.125094
91.7408,90.0,2.5454,-0.5834,277.0,0.000896566
55.036,75.0,1.75085,-0.39205,268.0,0.0155013
84.1242,58.0,6.49495,-0.4865,537.0,0.31468
97.6381,131.0,1.93495,-0.475,490.0,0.770009
109.102,119.0,4.60365,-0.4872,596.0,1.01643
48.7355,142.0,0.8074,-0.46545,347.0,0.0186542
137.432,57.0,7.01735,-1.54175,169.0,0.000465246
158.965,188.0,3.4528,-0.5306,701.0,1.58428
180.981,108.0,4.7881,-1.399,338.0,0.000641515
185.313,119.0,4.56585,-1.354,365.0,0.00872049
139.053,88.0,5.3653,-1.13945,277.0,0.00175745
154.435,68.0,10.1096,-0.80485,593.0,1.58673
85.6374,79.0,3.09495,-0.5227,313.0,0.0234648
105.699,78.0,3.8836,-0.5654,387.0,0.0525799
119.489,94.0,4.21635,-0.69055,346.0,0.0788561
91.3881,71.0,3.1591,-0.8193,227.0,0.015627
47.7753,99.0,1.30165,-0.35455,290.0,0.00692225
80.7065,96.0,2.8271,-0.583,378.0,0.0744174
170.013,60.0,7.7819,-0.8726,287.0,0.0564616
138.274,104.0,3.3303,-0.76245,391.0,0.533676
109.642,107.0,4.0755,-0.4601,563.0,1.00137
53.9265,70.0,1.8761,-0.3463,275.0,0.0622139
161.905,127.0,7.82415,-1.2074,536.0,0.900229
145.895,53.0,7.30035,-1.313,200.0,0.0154312
140.222,56.0,6.18725,-0.9515,272.0,0.154764
142.747,151.0,3.8033,-0.7375,566.0,0.17084
67.2879,105.0,1.74015,-0.3784,362.0,0.0497449
159.139,69.0,7.00655,-0.72875,395.0,0.112662
153.526,59.0,7.99965,-0.95595,263.0,0.0137086
128.244,82.0,7.02995,-0.64005,519.0,0.612808
85.4496,94.0,2.88605,-0.60605,305.0,0.00198701
62.8655,80.0,2.10555,-0.4911,250.0,0.0013027
154.904,88.0,7.80715,-0.53805,654.0,1.54534
93.7022,57.0,6.05655,-0.3943,518.0,0.260546
19.5838,102.0,0.53088,-0.1582,274.0,0.00321218
141.594,113.0,3.4144,-0.6338,448.0,0.518125
67.4078,58.0,3.16435,-0.39545,283.0,0.21272
85.7732,178.0,1.62105,-0.3679,560.0,0.266599
95.1082,64.0,3.8172,-0.7971,260.0,0.213742
93.617,91.0,3.59995,-0.6855,401.0,0.0423748
181.598,76.0,8.29105,-1.41745,319.0,0.0165762
79.2439,177.0,1.2306,-0.4977,476.0,0.0514634
123.75,122.0,3.04625,-0.5439,501.0,0.687932
163.004,57.0,9.28635,-1.1134,306.0,0.168621
203.535,98.0,9.37975,-1.68345,355.0,0.0171294
81.395,84.0,4.52085,-0.7009,368.0,0.0834101
66.7777,65.0,2.63005,-0.61835,204.0,0.000129792
101.442,50.0,5.74835,-0.3968,392.0,0.348917
102.009,68.0,4.4075,-0.4364,425.0,1.45363
65.9372,59.0,3.0819,-0.34135,315.0,0.0131653
129.098,136.0,2.70465,-0.5433,516.0,0.753774
80.9482,74.0,2.88095,-0.41795,330.0,0.0728151
133.43,87.0,6.38555,-1.17635,334.0,0.113708
93.0963,41.0,6.50385,-0.49345,322.0,0.150663
65.8493,101.0,2.19795,-0.57815,292.0,7.05184e-05
165.139,86.0,7.96175,-0.8599,445.0,0.229399
33.3352,85.0,0.97285,-0.256,247.0,0.00533785
77.4011,75.0,3.43455,-0.68255,284.0,0.000416414
63.1374,64.0,2.641,-0.3243,314.0,0.0275745
179.098,117.0,6.32915,-1.7329,361.0,0.0012568
46.1759,75.0,1.46925,-0.37255,244.0,0.0155427
48.0591,97.0,1.43265,-0.22255,453.0,0.156426
92.5284,67.0,4.22365,-0.68625,268.0,0.00260419
11.8434,69.0,0.41371,-0.15197,181.0,3.39112e-05
133.345,142.0,2.66395,-0.4787,567.0,1.22322
173.756,86.0,5.3474,-1.4125,263.0,0.00280895
91.783,78.0,2.8965,-0.3264,478.0,1.45344
94.5657,68.0,5.91995,-0.8859,302.0,9.26736e-05
63.6278,76.0,1.98425,-0.56945,231.0,0.00307029
111.624,81.0,6.66395,-0.6928,722.0,0.73151
140.794,84.0,6.32415,-0.7816,363.0,0.112424
20.5917,55.0,0.93983,-0.2867,169.0,0.000663817
105.986,107.0,4.55525,-0.91405,368.0,0.00919097
175.373,109.0,6.02755,-0.88525,440.0,0.317524
70.6337,91.0,2.15795,-0.50515,287.0,0.0117247
117.294,108.0,4.5799,-0.5663,516.0,0.412772
99.1717,85.0,2.865,-0.6158,331.0,0.0893289
133.548,85.0,4.27125,-0.54205,448.0,1.47178
10.3436,67.0,0.381235,-0.12474,199.0,3.41361e-05
139.971,114.0,4.7699,-0.9041,382.0,0.0149603
77.5862,70.0,2.87885,-0.34865,391.0,0.174122
162.793,72.0,8.4326,-0.9245,405.0,0.589996
232.057,216.0,5.1457,-1.013,661.0,1.07553
40.8364,67.0,1.52075,-0.2522,293.0,0.0280989
29.2356,54.0,1.40925,-0.428,159.0,7.30864e-05
75.892,89.0,2.94725,-0.27895,530.0,0.630725
86.5246,97.0,2.38645,-0.65265,308.0,0.00943981
51.6043,61.0,2.1202,-0.65575,166.0,0.00015248
67.8994,67.0,2.5112,-0.4168,278.0,0.0842553
29.3299,64.0,1.09385,-0.25985,257.0,0.0751576
181.408,101.0,6.7843,-0.8327,499.0,0.370317
158.916,119.0,4.17765,-1.51795,305.0,0.00013368
65.6496,96.0,1.59295,-0.5193,311.0,0.0639867
100.288,88.0,4.0197,-0.3621,573.0,1.6944
86.8527,142.0,1.63135,-0.5254,417.0,0.00297113
108.203,94.0,5.65635,-0.58475,456.0,0.247755
182.214,55.0,12.9316,-1.05995,427.0,0.708633
106.009,109.0,3.15855,-0.80295,359.0,0.00418624
117.524,83.0,4.55685,-0.7392,314.0,0.0497904
168.791,168.0,3.25185,-1.051,462.0,0.0200032
105.736,77.0,3.3884,-0.5341,366.0,0.364037
87.1226,74.0,4.2625,-0.3892,435.0,0.182279
177.549,85.0,7.95445,-1.9058,252.0,0.000160598
140.814,70.0,6.6719,-0.9443,428.0,0.383593
66.1965,101.0,2.5401,-0.22695,619.0,1.75195
89.7344,114.0,2.33525,-0.5494,361.0,0.0427466
69.8886,73.0,2.31165,-0.7326,205.0,0.00166238
58.7634,80.0,2.03685,-0.3578,292.0,0.00597504
89.2978,129.0,2.26545,-0.3496,548.0,1.1099
72.4982,77.0,2.3636,-0.51355,270.0,0.0197963
199.054,67.0,8.0141,-0.9495,354.0,0.950367
39.5305,91.0,0.9412,-0.31905,283.0,0.126787
91.0525,68.0,3.2553,-0.3966,358.0,0.259615
203.592,78.0,10.0373,-1.59275,361.0,0.0163303
103.148,69.0,5.6939,-0.62385,442.0,0.782911
163.717,62.0,6.89685,-1.37085,222.0,0.134916
98.9456,95.0,3.6706,-0.4136,517.0,0.38005
168.206,149.0,6.1433,-0.72145,588.0,1.77481
190.669,56.0,11.6674,-0.89125,490.0,0.964007
162.173,88.0,4.4025,-1.426,277.0,2.94436e-05
92.591,77.0,3.13985,-0.7255,248.0,0.000226394
70.337,77.0,2.3696,-0.38535,309.0,0.108543
200.448,83.0,13.8249,-1.65705,491.0,0.487541
145.818,53.0,7.9334,-0.57135,426.0,1.9925
90.0195,56.0,4.84845,-0.59075,266.0,0.0113691
193.897,121.0,9.97515,-0.948,642.0,0.565516
12.3048,57.0,0.54695,-0.140645,192.0,0.00055594
10.9044,66.0,0.40194,-0.178825,175.0,7.39083e-05
121.117,143.0,3.43215,-0.5224,560.0,0.659183
54.1304,78.0,1.62945,-0.4242,242.0,0.0249294
171.547,54.0,11.8188,-1.29995,272.0,0.00337093
10.3746,106.0,0.227875,-0.08055,304.0,0.00243035
16.8306,77.0,0.51702,-0.1313,270.0,0.00683168
22.04,69.0,0.771175,-0.18435,258.0,0.0180255
193.052,72.0,9.3924,-0.7275,504.0,1.4289
186.477,84.0,7.09535,-1.3368,277.0,0.019658
89.2712,90.0,2.34855,-0.58135,307.0,0.230382
86.5918,54.0,4.2424,-0.36885,347.0,0.152885
110.879,126.0,2.19495,-0.512,512.0,0.281646
21.5801,67.0,0.73965,-0.23285,283.0,0.0733888
168.172,55.0,8.0548,-1.262,235.0,0.203882
122.24,70.0,5.7579,-0.81885,267.0,0.00933872
116.662,75.0,5.9766,-0.9814,325.0,0.00112837
82.581,147.0,1.6192,-0.31765,571.0,0.702458
49.5405,72.0,1.8646,-0.28355,273.0,0.00490886
108.91,81.0,5.66035,-0.6314,470.0,0.112358
82.3136,70.0,4.45445,-0.4492,419.0,0.120295
197.75,84.0,9.59335,-1.162,427.0,0.125811
136.663,48.0,8.82605,-0.71825,303.0,0.0286784
210.295,101.0,8.6428,-0.8685,590.0,1.70226
164.587,121.0,4.70965,-1.2092,365.0,0.0727475
95.3759,85.0,2.6671,-0.61845,326.0,0.218143
67.3992,52.0,3.67235,-0.4939,229.0,0.0170307
120.871,163.0,2.0533,-0.80225,384.0,0.106614
24.83,64.0,0.917715,-0.27575,207.0,0.00931695
196.399,90.0,10.807,-1.8233,367.0,0.0543489
68.9412,61.0,3.138,-0.2396,528.0,1.20482
132.883,115.0,5.3205,-0.73625,487.0,0.0813189
42.8515,73.0,1.4776,-0.1977,346.0,0.0902675
74.7393,82.0,2.23185,-0.66055,227.0,0.00503901
84.0008,62.0,3.5534,-0.38415,300.0,0.172938
109.96,51.0,7.77595,-0.73315,312.0,0.0101489
175.826,95.0,5.1128,-1.001,412.0,0.0638679
130.203,78.0,5.15925,-0.72585,398.0,0.0337583
188.939,62.0,9.51035,-1.09445,308.0,0.295477
112.192,60.0,5.1067,-0.5369,329.0,0.151728
145.609,91.0,6.67215,-1.11795,444.0,0.427761
126.487,93.0,4.9591,-0.7501,385.0,0.129399
118.904,91.0,4.14265,-0.4441,552.0,0.645096
216.461,84.0,8.72525,-1.285,368.0,1.33403
154.622,107.0,4.48855,-1.0675,331.0,0.00108519
155.888,166.0,4.4292,-1.0058,507.0,0.0886151
111.566,68.0,6.2901,-0.64265,492.0,0.495616
103.281,120.0,5.02865,-0.57765,609.0,0.550325
91.9326,90.0,2.8666,-0.7994,264.0,0.00233066
101.071,94.0,2.5867,-0.4654,382.0,0.0569845
43.0051,66.0,1.51705,-0.515,233.0,0.0141976
120.936,89.0,3.51545,-0.54065,399.0,0.828263
142.824,95.0,5.9532,-1.12235,343.0,0.0626022
120.145,99.0,3.39655,-0.6938,345.0,0.0358186
185.671,126.0,4.63805,-0.879,492.0,0.0858711
171.444,87.0,5.75,-0.9354,444.0,1.33468
95.7052,64.0,4.068,-0.5369,279.0,0.0146439
116.736,72.0,4.87495,-0.54115,365.0,0.0928306
148.322,115.0,4.3496,-0.9366,436.0,0.691848
89.384,70.0,4.57855,-0.57505,379.0,0.0486927
73.4591,62.0,3.27025,-0.52005,207.0,0.000133305
86.1171,121.0,2.375,-0.5276,395.0,0.00788336
115.252,125.0,2.9515,-1.13075,320.0,0.00977908
147.616,71.0,5.6084,-0.8136,330.0,0.115312
37.6407,71.0,1.3592,-0.34165,203.0,1.03591e-05
107.444,167.0,2.7017,-0.4838,561.0,0.291119
84.3004,88.0,2.56735,-0.6374,353.0,0.01755
201.104,65.0,9.31955,-0.7655,527.0,1.93239
80.2784,103.0,2.01505,-0.4276,358.0,0.0519825
145.646,72.0,5.3114,-0.64665,371.0,0.102503
49.4555,91.0,1.33095,-0.362,254.0,0.00107579
143.681,58.0,7.16145,-0.8692,275.0,0.029946
76.5887,130.0,1.2904,-0.41,423.0,0.0959201
100.97,88.0,4.6373,-0.658,386.0,0.0208749
145.522,90.0,5.1993,-0.76795,370.0,0.237264
178.013,87.0,5.8688,-0.81995,416.0,1.42256
29.2241,67.0,1.08462,-0.25065,227.0,0.000397598
163.763,134.0,3.6101,-0.8503,448.0,0.556319
159.899,117.0,3.808,-1.0894,386.0,0.100895
39.3764,54.0,1.8399,-0.69645,132.0,0.000139064
141.374,117.0,4.75545,-1.2476,336.0,0.00401693
44.6527,86.0,1.2476,-0.33125,289.0,0.00059325
141.157,119.0,4.65955,-0.6743,488.0,1.80229
75.1655,131.0,1.67945,-0.3305,495.0,0.514977
81.4448,126.0,2.54055,-0.2858,662.0,0.676034
76.4957,144.0,1.5276,-0.3608,474.0,0.266901
103.314,77.0,3.475,-0.5467,343.0,0.472054
84.9067,104.0,2.19455,-0.61965,309.0,0.00560591
34.9242,74.0,1.1356,-0.23015,336.0,0.166655
119.094,87.0,4.30515,-0.85285,294.0,0.00285006
63.7039,106.0,1.7949,-0.43985,320.0,0.0067085
212.658,74.0,8.9131,-1.2935,418.0,0.0636808
143.52,64.0,8.3611,-0.634,496.0,0.242755
161.898,120.0,3.82475,-1.28765,365.0,0.0135414
80.8953,105.0,1.804,-0.57585,342.0,0.000515094
55.0046,89.0,1.362,-0.49155,276.0,9.14323e-05
103.118,93.0,4.59175,-0.80715,412.0,0.011481
71.3417,72.0,2.5269,-0.242,545.0,1.31496
111.61,67.0,4.3901,-0.59765,319.0,0.128693
83.9671,75.0,2.90025,-0.28745,526.0,1.45319
69.8085,84.0,2.68775,-0.22865,572.0,1.31344
134.449,100.0,5.455,-1.0945,357.0,0.0106556
104.37,97.0,4.6668,-0.6845,559.0,0.138818
151.822,105.0,4.724,-0.8883,379.0,0.298549
123.438,99.0,4.31725,-0.6407,581.0,0.844024
47.9357,65.0,1.72645,-0.64865,179.0,0.00165284
143.037,107.0,4.72135,-0.73925,473.0,1.99723
133.573,136.0,5.6856,-1.19895,440.0,0.0185154
121.009,156.0,3.0051,-0.6214,602.0,1.9647
188.417,110.0,6.00845,-1.186,382.0,0.0356521
50.1783,74.0,1.59405,-0.3996,263.0,0.0283246
98.4995,54.0,4.69995,-1.011,185.0,0.00346467
146.666,87.0,7.06,-0.94725,402.0,0.302535
177.487,86.0,6.82365,-1.51355,283.0,0.000496577
25.3542,83.0,0.73233,-0.1646,351.0,0.0189539
226.542,123.0,8.5932,-0.9815,675.0,1.30633
18.5292,121.0,0.35496,-0.1599,288.0,0.00102642
52.3653,101.0,1.2224,-0.4516,269.0,3.44686e-05
45.4585,83.0,1.3077,-0.3,301.0,0.0113126
84.1286,59.0,4.34,-0.48505,285.0,0.0263704
93.8719,173.0,1.12175,-0.30815,675.0,0.943741
126.593,53.0,6.73715,-0.93225,212.0,0.00193478
90.3305,124.0,2.57885,-0.44195,457.0,0.122538
87.0238,69.0,3.07115,-0.78385,230.0,0.0181799
90.5245,164.0,1.22075,-0.6992,409.0,0.104869
137.237,106.0,4.7827,-0.698,479.0,0.712507
53.9218,77.0,1.65595,-0.42305,253.0,0.00765248
47.0987,67.0,1.8291,-0.3017,294.0,0.064783
12.1794,102.0,0.27585,-0.07202,367.0,0.00027854
162.951,114.0,3.78335,-0.86045,401.0,0.302688
223.767,65.0,11.6833,-1.2365,387.0,1.28208
22.8874,130.0,0.407975,-0.2121,276.0,0.000443206
97.5982,70.0,3.5139,-0.753,237.0,0.053332
169.529,53.0,8.9692,-0.9993,250.0,0.0610911
86.3023,60.0,3.73425,-0.414,359.0,0.418609
137.569,58.0,8.88635,-0.8565,435.0,0.214352
76.3155,160.0,1.02405,-0.4738,402.0,0.0527355
165.216,94.0,9.49005,-1.24505,518.0,0.383526
145.804,121.0,3.68065,-0.7654,422.0,0.135289
176.399,85.0,5.71715,-1.23115,278.0,0.00600258
101.104,63.0,4.6684,-0.3686,576.0,0.539284
175.165,100.0,5.3468,-1.0804,351.0,0.0346747
20.0116,172.0,0.20035,-0.15975,345.0,0.0245008
119.446,56.0,5.99265,-0.4444,429.0,0.808504
87.7587,94.0,2.5581,-0.4076,412.0,0.323526
135.063,54.0,7.43495,-0.59265,419.0,0.133764
100.724,99.0,2.7628,-0.6101,337.0,0.00420706
12.2908,67.0,0.43303,-0.15876,211.0,0.00103168
63.9193,74.0,2.114,-0.7945,197.0,4.70133e-05
87.2163,58.0,5.62755,-0.78455,295.0,0.00547965
17.0295,70.0,0.579605,-0.19135,197.0,0.000423764
175.039,93.0,4.7627,-1.72,276.0,0.0205369
195.355,116.0,6.29075,-1.2875,393.0,0.146733
124.916,113.0,3.2024,-0.7524,388.0,0.09575
68.7331,88.0,2.4311,-0.343,367.0,0.104268
87.605,62.0,5.76645,-0.40305,546.0,0.128031
93.7236,83.0,5.7491,-0.69375,415.0,0.0456811
189.764,106.0,7.82595,-0.8535,516.0,0.284377
109.512,66.0,7.0597,-0.6388,537.0,0.232559
50.0532,92.0,1.26995,-0.40485,272.0,5.5662e-05
53.4591,58.0,2.24865,-0.73745,155.0,2.44099e-05
85.9194,112.0,3.64175,-0.51035,468.0,0.210851
115.604,90.0,3.95915,-0.50825,487.0,1.25934
92.6779,76.0,3.60215,-0.4754,385.0,0.0890681
137.927,84.0,6.7363,-0.67635,483.0,1.40494
12.9175,60.0,0.510795,-0.205335,158.0,1.58145e-05
153.411,105.0,3.8009,-0.81655,405.0,1.03928
98.8064,72.0,3.6926,-1.0996,190.0,0.000243491
117.823,57.0,6.83715,-0.47085,496.0,0.721314
198.115,134.0,4.27555,-1.3905,396.0,0.0176958
201.11,141.0,4.97555,-1.4335,397.0,0.0493473
174.585,67.0,9.1656,-0.7497,567.0,0.749869
84.0713,47.0,6.3972,-0.33575,533.0,0.421651
161.436,105.0,4.79525,-0.837,511.0,0.25122
70.3877,62.0,2.8962,-0.30405,347.0,0.120138
157.496,77.0,6.1026,-1.011,282.0,0.0103949
77.4725,126.0,3.06465,-0.5079,454.0,0.0336159
63.4907,60.0,2.8373,-0.7428,170.0,2.65275e-05
53.918,78.0,1.6987,-0.5928,226.0,0.000360306
103.445,111.0,3.00275,-0.65115,463.0,0.275432
127.663,81.0,5.2191,-0.66415,389.0,0.287964
40.3457,74.0,1.36245,-0.3736,216.0,0.000119884
153.266,50.0,8.4816,-1.19625,214.0,0.00808494
71.961,123.0,2.04705,-0.4174,388.0,0.0179453
35.2955,132.0,0.55575,-0.22515,354.0,0.000116969
102.52,62.0,4.25275,-0.3741,466.0,0.925055
92.1367,82.0,4.0461,-0.2808,656.0,1.85783
67.8649,116.0,1.2855,-0.3309,482.0,0.0896231
82.963,92.0,2.73245,-0.4871,336.0,0.00735869
95.0578,69.0,4.1584,-0.54255,296.0,0.0187647
147.212,101.0,4.10825,-1.05565,306.0,0.000491143
87.4804,64.0,3.30235,-1.26205,165.0,6.91389e-06
80.4475,69.0,4.8425,-0.47515,457.0,0.28374
101.661,68.0,4.91485,-0.7516,269.0,0.0021922
78.8024,98.0,2.1879,-0.3005,471.0,0.328864
158.847,69.0,7.9732,-0.8917,446.0,0.921697
154.431,132.0,3.9437,-1.06745,404.0,0.0477184
118.283,79.0,3.9184,-0.96225,269.0,0.000581941
115.376,78.0,3.74305,-0.5474,361.0,0.309955
113.282,65.0,4.6901,-0.58855,310.0,0.0764391
83.7849,65.0,3.02075,-0.90565,198.0,0.0177627
72.441,93.0,2.1524,-0.3961,459.0,0.0423999
85.2102,99.0,2.9192,-0.6114,329.0,0.00663464
187.322,50.0,12.1676,-0.83065,486.0,0.628022
56.5452,69.0,2.04505,-0.23975,389.0,0.231874
118.181,74.0,4.7769,-0.54765,390.0,0.371078
89.0682,111.0,4.41865,-0.51215,533.0,0.223056
104.198,86.0,3.79365,-0.6661,312.0,0.0462513
58.986,72.0,2.2717,-0.29115,363.0,0.0731612
47.8459,77.0,1.53165,-0.18885,488.0,0.686435
81.0812,139.0,2.3594,-0.5379,423.0,0.0445624
70.1018,133.0,1.54955,-0.3279,469.0,0.107799
106.072,53.0,5.6419,-0.53305,285.0,0.0978375
155.022,75.0,7.12665,-0.831,376.0,0.273567
112.1,67.0,5.2528,-0.5441,415.0,0.282042
65.0445,57.0,3.23,-0.3393,289.0,0.0215684
106.935,61.0,4.6324,-0.57415,318.0,0.215589
174.1,88.0,6.1347,-1.16445,361.0,0.312013
41.3469,74.0,1.34185,-0.2566,300.0,0.0415344
75.4216,72.0,3.31135,-0.39145,397.0,0.494896
130.032,105.0,4.7649,-0.9133,409.0,0.17252
118.51,118.0,2.7537,-0.49165,493.0,0.920679
84.4578,80.0,2.4732,-0.58755,285.0,0.0226968
129.258,123.0,5.2995,-0.7169,446.0,0.206663
182.281,59.0,9.7913,-0.9128,409.0,0.732794
90.1959,72.0,3.43845,-0.7035,235.0,0.000316646
165.513,69.0,7.00675,-1.13145,352.0,0.0266354
119.241,54.0,6.3406,-0.91535,211.0,0.00204024
61.0352,119.0,1.5428,-0.36685,390.0,0.151128
87.791,63.0,3.64575,-0.38285,326.0,0.111464
121.309,108.0,5.81425,-1.18585,300.0,0.000508091
152.49,88.0,6.39725,-0.89435,364.0,0.0594957
89.4696,59.0,3.95115,-1.34735,151.0,0.00046856
10.1326,77.0,0.311065,-0.09798,230.0,9.83627e-06
135.981,63.0,6.25095,-0.7001,370.0,0.0394235
75.2448,99.0,3.08535,-0.4615,548.0,0.184161
111.371,119.0,4.0467,-1.05535,350.0,0.00146059
172.887,159.0,4.7278,-0.64765,639.0,1.13567
74.6272,68.0,3.60705,-0.4514,284.0,0.0127477
80.782,171.0,1.1531,-0.5081,407.0,0.21241
111.134,90.0,3.7925,-0.508,397.0,0.0878736
149.234,92.0,4.5112,-0.8299,347.0,0.123999
142.338,67.0,7.18895,-0.89345,304.0,0.0425361
186.054,162.0,2.89415,-0.9085,526.0,0.167236
177.64,112.0,6.70985,-1.2422,404.0,0.0409536
156.66,66.0,6.4261,-1.80815,184.0,3.10683e-05
75.2536,81.0,3.77415,-0.42055,488.0,0.354158
35.7371,154.0,0.469525,-0.3187,308.0,0.0183235
114.088,52.0,5.8276,-2.09185,119.0,2.90255e-05
145.09,86.0,5.957,-0.84225,348.0,0.022847
58.4064,94.0,1.55975,-0.6198,249.0,3.0089e-05
69.7786,65.0,3.21255,-0.3809,354.0,0.0854283
84.3662,114.0,2.1046,-0.3317,545.0,1.03904
107.217,64.0,5.3002,-0.7174,304.0,0.00546934
38.4369,49.0,2.02535,-0.68335,126.0,5.049e-06
188.461,126.0,7.0427,-0.81765,593.0,1.00216
53.6464,52.0,2.86035,-0.49875,192.0,0.000280104
85.2258,113.0,3.39165,-0.5037,537.0,0.191955
93.0115,68.0,4.1934,-0.5099,382.0,0.0715686
104.679,152.0,2.4067,-0.6026,456.0,0.153242
90.825,91.0,2.6961,-0.5978,306.0,0.0140354
47.1237,87.0,1.39905,-0.22115,372.0,0.100247
180.151,142.0,7.04575,-1.303,497.0,0.355606
103.502,51.0,5.28395,-1.3458,167.0,0.000598862
195.032,195.0,3.862,-1.1235,516.0,0.66715
136.71,139.0,3.6855,-1.06325,392.0,0.0252855
147.575,76.0,8.0267,-1.43535,304.0,0.000238857
168.336,49.0,10.124,-1.3368,208.0,0.000614109
147.858,115.0,3.88635,-0.93825,359.0,0.0253571
111.248,64.0,4.479,-1.00155,207.0,0.0195909
196.278,67.0,10.9255,-0.98305,397.0,0.728701
66.0041,64.0,2.7517,-0.47725,240.0,0.00287021
140.981,135.0,2.6576,-0.542,557.0,0.315207
182.957,91.0,7.3143,-1.0373,406.0,0.518334
173.14,96.0,10.0984,-1.4516,439.0,0.082889
148.619,70.0,8.89195,-0.7469,496.0,0.639072
87.0553,61.0,3.68655,-1.19965,156.0,0.000122806
146.384,98.0,4.31785,-0.83545,449.0,0.123213
87.7163,200.0,1.73989,-0.4804,547.0,0.0923622
79.3473,151.0,1.81575,-0.43255,452.0,0.0601829
77.4133,104.0,3.7385,-0.3612,641.0,1.0625
120.223,152.0,2.22605,-0.67045,455.0,0.0157657
52.6501,119.0,0.9808,-0.2001,548.0,0.491544
126.142,127.0,5.17155,-0.823,482.0,0.20008
111.394,97.0,3.797,-0.6251,396.0,0.117093
40.5641,65.0,1.44505,-0.4586,201.0,0.0233888
73.521,112.0,1.8936,-0.2468,605.0,1.76796
15.8292,61.0,0.647025,-0.26475,138.0,1.02446e-06
95.2657,79.0,2.9396,-0.8105,250.0,0.00956901
83.8023,68.0,4.02125,-0.58515,334.0,0.0203982
58.5056,80.0,1.9961,-0.2986,348.0,0.079047
62.7574,54.0,3.2433,-0.2621,348.0,0.195199
81.2677,56.0,4.2014,-0.3324,401.0,0.112905
20.848,79.0,0.625055,-0.17885,273.0,0.00253226
77.9345,75.0,4.73975,-0.61155,428.0,0.011224
122.769,117.0,2.53605,-0.7827,380.0,0.0136416
116.993,72.0,5.0634,-0.62405,428.0,0.252207
76.4514,48.0,4.01355,-0.66415,274.0,0.211326
74.8915,80.0,4.41995,-0.4013,595.0,1.27938
61.0962,52.0,2.9461,-0.78365,172.0,0.000921517
112.816,62.0,4.82245,-1.30245,169.0,0.000328229
140.326,82.0,6.62405,-0.6979,425.0,0.100295
93.4627,219.0,1.7649,-0.3534,688.0,0.853337
105.819,66.0,4.3605,-0.80835,252.0,0.0442311
120.42,53.0,7.90055,-0.68865,429.0,0.0712956
66.4887,115.0,1.25625,-0.31,429.0,0.0115193
105.612,66.0,3.97635,-1.57185,170.0,5.97629e-05
121.609,98.0,3.5357,-0.51075,485.0,1.16888
76.2796,59.0,4.81825,-0.63145,418.0,0.0517924
118.43,56.0,5.80205,-0.5814,365.0,0.775619
159.873,80.0,5.1523,-1.06435,293.0,0.253367
47.7342,55.0,2.3222,-0.68425,142.0,0.000294205
186.932,74.0,9.4138,-1.40105,299.0,0.00535227
136.676,74.0,6.2746,-0.8147,383.0,0.0904317
107.106,66.0,4.32335,-0.6769,271.0,0.0335296
68.075,62.0,3.7488,-0.2832,584.0,0.256761
95.1696,90.0,2.6048,-0.5705,299.0,0.0738288
70.6231,116.0,2.65985,-0.3118,585.0,1.05251
189.025,91.0,6.77985,-1.2097,340.0,0.136694
79.9242,52.0,4.7536,-0.57235,246.0,0.00124041
66.4029,100.0,1.54885,-0.5182,277.0,0.00327902
215.369,77.0,8.7538,-1.6295,331.0,0.0217084
41.7402,65.0,1.60645,-0.68055,146.0,1.41611e-05
99.7653,86.0,3.7375,-0.4077,454.0,0.429829
48.4418,59.0,2.02365,-0.33005,256.0,0.0267609
63.9628,68.0,2.3626,-0.40645,261.0,0.0488292
79.3682,76.0,3.63765,-0.345,438.0,0.148383
36.2509,60.0,1.50685,-0.191,280.0,0.0204943
146.201,66.0,8.372,-0.5586,511.0,0.55619
187.216,96.0,8.03235,-1.13155,452.0,1.23493
108.013,67.0,3.99465,-1.2353,190.0,0.0220587
82.4191,80.0,3.5687,-0.3546,506.0,0.328024
77.2128,63.0,3.61645,-0.336,617.0,0.19291
93.2045,164.0,1.56455,-0.4463,491.0,0.0888708
177.201,85.0,6.17495,-0.8932,433.0,0.457285
172.985,82.0,7.0716,-0.86145,410.0,0.812216
126.992,79.0,5.159,-0.39265,602.0,1.95726
104.894,59.0,5.031,-0.3353,578.0,1.56122
85.7494,65.0,4.42965,-0.7144,290.0,0.000125846
88.7495,65.0,3.44285,-0.96845,201.0,0.00339254
68.9995,67.0,2.6588,-0.3921,294.0,0.00942621
45.7977,61.0,1.92995,-0.5939,160.0,4.18284e-05
61.2769,136.0,1.18595,-0.3682,399.0,0.0190493
118.952,70.0,7.39995,-1.04565,369.0,0.0157006
98.8452,121.0,3.39585,-0.37065,657.0,1.03417
104.834,59.0,5.0419,-0.49785,406.0,0.162005
182.133,71.0,7.5973,-1.70945,237.0,0.0562095
61.7915,58.0,2.6115,-0.41005,268.0,0.0556751
117.12,108.0,3.79915,-0.85325,377.0,0.078252
30.2171,93.0,0.78252,-0.1617,393.0,0.107739
54.1729,76.0,1.63985,-0.3028,350.0,0.117994
105.828,82.0,3.64025,-0.6404,326.0,0.0336162
73.1714,116.0,2.39865,-0.3743,550.0,0.0665204
113.683,77.0,3.6689,-0.6582,310.0,0.402743
47.3584,195.0,0.4122,-0.3534,432.0,0.196115
137.446,90.0,4.58845,-0.4707,565.0,1.56561
106.098,223.0,1.5495,-0.39935,666.0,0.394836
101.813,59.0,5.5446,-0.67935,279.0,0.0230086
28.3323,70.0,0.97182,-0.2622,235.0,0.00263461
69.8817,68.0,3.12545,-0.45255,276.0,0.00639067
81.5029,115.0,2.6753,-0.2607,661.0,1.87409
65.4073,72.0,2.4855,-0.4635,252.0,0.00434013
79.9781,80.0,4.21045,-0.5781,380.0,0.0620149
188.089,90.0,6.1519,-0.8978,441.0,0.983795
64.1134,60.0,2.6276,-1.1119,133.0,2.93726e-05
123.958,99.0,5.3274,-0.944,352.0,0.0110054
85.6811,70.0,3.64005,-0.34735,426.0,0.242206
70.4926,84.0,3.06265,-0.5477,298.0,0.00118144
128.855,71.0,4.9492,-0.96715,246.0,0.00730745
61.3305,101.0,1.664,-0.2345,553.0,0.809086
88.0662,66.0,5.01525,-0.3827,523.0,0.323153
26.7814,77.0,0.8524,-0.15115,329.0,0.0742778
28.9391,117.0,0.5262,-0.15315,381.0,0.00165258
69.2315,148.0,1.80355,-0.25415,623.0,1.20651
72.0331,104.0,1.74925,-0.4815,300.0,0.0144848
178.774,75.0,7.65525,-1.0415,422.0,0.13686
152.389,95.0,5.27765,-1.06385,316.0,0.0283517
55.5036,73.0,1.9772,-0.16365,586.0,1.21539
165.212,93.0,8.1551,-1.04495,443.0,0.209577
80.8728,137.0,1.9187,-0.2551,640.0,1.06104
70.0844,78.0,2.59215,-0.34365,401.0,0.334668
49.7372,91.0,1.37505,-0.25625,362.0,0.0680183
41.6977,53.0,2.0259,-0.65915,140.0,1.16743e-07
15.3646,66.0,0.55748,-0.19505,208.0,8.53283e-06
146.327,78.0,5.80335,-0.8487,350.0,0.04006
82.9876,70.0,3.38165,-0.37735,361.0,0.0717666
139.123,86.0,4.1281,-0.73395,334.0,0.185133
55.6292,107.0,1.3905,-0.24895,518.0,0.879465
79.688,77.0,2.31695,-0.70805,241.0,0.0106644
163.094,116.0,6.17935,-1.3159,370.0,0.0351379
75.7552,77.0,2.37135,-0.35415,390.0,0.530761
74.8055,108.0,2.3719,-0.3136,506.0,0.21792
127.62,148.0,2.5106,-0.5349,512.0,0.160204
81.6449,62.0,3.3929,-0.9139,178.0,0.000479735
100.507,120.0,2.1583,-0.3679,577.0,0.341172
190.014,127.0,4.57675,-0.8605,619.0,1.87635
80.0529,111.0,2.4343,-0.35145,507.0,1.09461
117.908,77.0,4.1242,-0.9021,232.0,0.000824063
26.9834,82.0,0.743,-0.2415,291.0,0.104577
178.731,60.0,9.47795,-1.0293,286.0,0.07943
84.9798,128.0,2.09115,-0.45565,428.0,0.211561
94.411,109.0,2.3287,-0.6952,322.0,0.0185416
153.726,199.0,4.28915,-0.646,715.0,1.49972
76.4245,100.0,1.92885,-0.542,279.0,0.00248716
90.4323,88.0,2.9286,-0.50585,430.0,0.609358
78.2167,88.0,2.2561,-0.47595,306.0,0.0220856
47.1507,61.0,1.8514,-0.2807,380.0,0.47099
126.465,64.0,4.98,-0.88,269.0,0.0977153
32.9273,65.0,1.2406,-0.20035,320.0,0.0813329
173.584,118.0,5.35105,-1.264,373.0,0.129313
109.175,60.0,4.4569,-1.12745,195.0,0.0595074
68.6059,74.0,2.42325,-0.73125,217.0,7.50067e-05
99.0972,67.0,4.1854,-0.6029,275.0,0.0292574
72.1116,115.0,1.51225,-0.45055,368.0,0.0441849
109.886,94.0,4.66455,-0.58345,452.0,0.131664
151.707,169.0,5.0544,-0.5613,743.0,1.7225
124.114,73.0,4.435,-0.9759,255.0,0.0966677
91.304,125.0,2.758,-0.3496,595.0,1.68159
103.772,77.0,3.84195,-0.7514,270.0,0.0105453
58.8401,91.0,1.53615,-0.38945,290.0,0.000907686
130.696,140.0,3.4155,-1.0635,361.0,0.00111724
52.8302,54.0,2.54415,-0.5856,181.0,0.000183993
111.184,107.0,2.71575,-0.5982,381.0,0.149851
46.8092,77.0,1.5775,-0.3651,245.0,0.000794802
82.9688,102.0,2.04465,-0.5567,329.0,0.00017481
90.9523,173.0,2.5805,-0.48685,565.0,0.379365
71.2945,66.0,2.6219,-0.41305,298.0,0.0984724
82.6264,59.0,4.73875,-0.60195,362.0,0.0185741
136.743,73.0,5.1974,-0.80495,308.0,0.0629129
82.8841,97.0,3.1035,-0.4824,472.0,0.248341
73.2079,53.0,4.9548,-0.34755,524.0,0.249205
107.603,89.0,5.8761,-0.62595,555.0,0.144082
156.118,107.0,3.8756,-0.99175,421.0,0.377949
102.393,71.0,5.60095,-0.80495,322.0,0.00142765
182.363,87.0,6.35295,-0.75925,457.0,0.656211
182.473,100.0,9.1973,-1.134,569.0,0.190438
171.331,84.0,5.7797,-1.5465,232.0,1.46057e-05
57.0438,61.0,2.6001,-0.3665,240.0,0.0033021
73.0305,61.0,3.1698,-0.3131,347.0,0.21676
60.8153,59.0,2.8131,-0.36825,245.0,0.00272597
79.7367,123.0,1.63825,-0.7785,279.0,0.00579614
64.1836,86.0,1.8525,-0.4097,282.0,0.00963396
141.93,143.0,4.1211,-0.7452,489.0,0.17508
98.2448,56.0,4.92945,-0.4361,362.0,0.47349
129.212,131.0,3.1687,-0.63635,457.0,0.359898
118.726,60.0,5.46135,-0.6763,286.0,0.07043
44.9057,119.0,0.92415,-0.2263,403.0,0.200548
115.154,116.0,3.07505,-1.02635,285.0,0.00264962
92.8679,63.0,3.88835,-0.31305,554.0,1.587
196.373,120.0,6.31765,-1.36135,384.0,0.031918
45.1589,100.0,1.04945,-0.2941,303.0,0.00805716
202.751,98.0,11.0003,-0.8775,610.0,1.93931
143.938,73.0,5.8792,-0.84785,346.0,0.612027
70.055,54.0,3.7268,-0.34355,312.0,0.0222071
194.172,123.0,10.3531,-1.43935,517.0,0.418195
140.585,75.0,5.0818,-1.16145,238.0,0.0018024
137.731,93.0,6.7298,-0.5244,667.0,1.17638
191.683,82.0,7.7406,-1.17285,355.0,0.153075
60.9957,110.0,1.1578,-0.3796,378.0,0.00286004
48.2613,72.0,1.6205,-0.2876,275.0,0.010835
121.909,62.0,5.31185,-1.11705,214.0,0.0220214
154.175,91.0,5.28075,-0.8135,484.0,0.216054
188.797,153.0,4.93825,-1.375,432.0,0.213464
96.4153,51.0,6.08725,-0.5236,410.0,0.0579193
208.878,70.0,10.5614,-1.91295,229.0,0.000668243
71.9353,72.0,3.03905,-0.6045,239.0,0.00164841
174.502,67.0,7.96525,-0.82265,386.0,0.838329
66.8242,118.0,1.73275,-0.4051,472.0,0.0648922
59.7669,87.0,1.58725,-0.3556,353.0,0.183969
66.1563,119.0,1.4351,-0.3396,397.0,0.0673989
109.838,59.0,4.8746,-0.58995,311.0,0.24394
27.1809,56.0,1.2253,-0.33255,196.0,0.0181801
17.18,59.0,0.719565,-0.19515,203.0,0.0115792
74.5874,151.0,1.9089,-0.2838,600.0,0.440193
115.857,63.0,6.1695,-0.4527,488.0,0.833806
192.081,66.0,10.8646,-0.8932,470.0,0.303202
74.7601,55.0,3.7616,-0.425,268.0,0.0211206
44.3718,61.0,1.8105,-0.4862,193.0,0.000182418
90.9416,90.0,2.87795,-0.5221,331.0,0.0274142
89.6477,51.0,5.19425,-0.3096,516.0,1.10866
185.082,80.0,6.45715,-1.49785,245.0,0.00264368
133.698,176.0,2.3293,-0.8403,465.0,0.0883174
120.512,76.0,6.61005,-0.56255,517.0,0.30375
99.8969,77.0,3.2059,-0.46625,353.0,0.246827
189.267,49.0,12.606,-1.33245,254.0,0.0153506
33.8582,107.0,0.796,-0.1695,406.0,0.1078
81.2558,169.0,2.35885,-0.47175,517.0,0.10946
87.9193,61.0,4.43925,-0.56205,339.0,0.0635568
56.0443,86.0,1.48855,-0.4159,374.0,0.220845
72.716,73.0,2.7327,-0.4375,271.0,0.00409743
131.49,70.0,6.42985,-0.8047,356.0,0.0440271
130.513,65.0,5.28665,-0.87355,281.0,0.0910203
155.864,92.0,5.4345,-1.0916,333.0,0.18965
103.026,61.0,5.59405,-0.6505,281.0,0.0262896
137.588,76.0,5.46895,-1.27065,235.0,0.00218751
116.324,126.0,3.1888,-0.95375,375.0,0.0159551
94.6935,79.0,6.3666,-0.5712,523.0,0.507527
102.951,124.0,2.20895,-0.35545,584.0,1.59666
106.182,176.0,2.80365,-0.4132,711.0,1.73225
101.446,87.0,2.9713,-0.41395,440.0,0.471548
100.498,64.0,4.23965,-0.36355,469.0,0.470788
105.777,130.0,2.1227,-0.6194,425.0,0.455252
131.904,60.0,6.06475,-0.9427,243.0,0.03053
155.717,62.0,7.11155,-0.76445,336.0,0.158613
78.8885,219.0,1.59316,-0.31545,677.0,0.969321
109.148,87.0,3.91165,-0.76625,352.0,0.00404556
58.8484,128.0,0.98185,-0.24895,522.0,0.394234
161.528,63.0,6.8637,-0.78855,313.0,0.253564
