"Tpeak,v","TTP,t,v","dT/dtMax,v","dT/dtMax,v","Tdur,v","Trest,v"
42.362,172.0,0.45015,-0.2142,490.0,0.104066
97.1707,215.0,0.8536,-0.36985,603.0,1.31156
29.9336,146.0,0.4,-0.2306,324.0,0.0197072
117.762,240.0,0.98915,-0.46515,588.0,0.784058
66.1474,175.0,0.8295,-0.32135,456.0,0.211047
27.8953,153.0,0.34705,-0.2153,325.0,0.0122367
87.1442,260.0,0.62355,-0.35155,597.0,0.386867
35.5988,195.0,0.3356,-0.1307,628.0,1.50746
130.147,239.0,1.0475,-0.53275,600.0,0.512108
116.526,269.0,0.9387,-0.46795,717.0,1.2079
110.448,213.0,1.0292,-0.5053,525.0,0.343789
69.6641,187.0,0.78855,-0.281,545.0,1.03358
30.5591,205.0,0.27405,-0.1343,543.0,0.640276
50.4661,202.0,0.47365,-0.19405,587.0,1.38805
33.9788,166.0,0.4109,-0.15745,531.0,0.859538
84.1446,188.0,0.847,-0.4328,486.0,0.0703827
94.9743,204.0,0.8909,-0.5019,470.0,0.0753511
39.5276,149.0,0.5276,-0.19215,475.0,0.692494
56.4925,152.0,0.69855,-0.3431,383.0,0.117207
54.6953,183.0,0.58965,-0.2094,576.0,0.696484
75.3813,187.0,0.7512,-0.4241,442.0,0.0368132
30.4007,277.0,0.19475,-0.0888,760.0,1.1197
52.1001,159.0,0.63995,-0.2529,474.0,0.0654768
40.6425,218.0,0.3462,-0.16695,593.0,0.456739
55.0898,207.0,0.51835,-0.2061,616.0,0.889508
35.3473,177.0,0.38245,-0.22125,403.0,0.0341364
46.644,150.0,0.61865,-0.24265,454.0,0.425097
92.9243,233.0,0.7858,-0.35645,639.0,0.654663
34.344,211.0,0.2897,-0.13875,626.0,0.407148
62.0575,231.0,0.5435,-0.33205,467.0,0.0425459
21.7796,196.0,0.20788,-0.09575,563.0,0.229604
55.2389,153.0,0.67695,-0.3076,434.0,0.322491
54.1632,155.0,0.6882,-0.3122,414.0,0.0922675
73.7258,242.0,0.62515,-0.268,626.0,1.22859
94.0329,168.0,1.13745,-0.5145,423.0,0.276382
93.8111,217.0,0.859,-0.3222,636.0,1.4739
37.4794,167.0,0.44315,-0.2362,375.0,0.0383251
62.1129,154.0,0.81685,-0.36845,389.0,0.335404
52.2414,180.0,0.5614,-0.2923,435.0,0.198974
109.092,203.0,0.9961,-0.4794,559.0,0.237715
58.5726,174.0,0.636,-0.38965,405.0,0.0379946
76.3027,212.0,0.7365,-0.263,631.0,1.03327
26.9788,183.0,0.297755,-0.1291,478.0,0.365623
37.6861,239.0,0.2887,-0.15725,555.0,0.307327
53.9631,205.0,0.51385,-0.2324,530.0,0.524031
88.4197,249.0,0.647,-0.29255,710.0,1.15405
73.1543,170.0,0.78265,-0.37965,459.0,1.19807
68.9137,192.0,0.63465,-0.2781,652.0,0.668562
101.191,167.0,1.2084,-0.6747,366.0,0.0440548
69.9054,245.0,0.494,-0.2828,647.0,0.34148
63.5901,178.0,0.72115,-0.2755,526.0,1.16293
52.0367,158.0,0.64035,-0.4116,319.0,0.00736525
90.6188,192.0,0.9125,-0.3621,582.0,1.00351
37.7054,206.0,0.3724,-0.1566,546.0,0.364056
36.6327,222.0,0.3082,-0.1682,525.0,0.0379857
48.0542,148.0,0.61165,-0.3293,370.0,0.0224557
66.0137,186.0,0.70865,-0.3231,486.0,0.902828
146.208,241.0,1.25825,-0.5483,632.0,1.1202
72.2369,145.0,0.9811,-0.5031,342.0,0.0522064
35.2917,127.0,0.544,-0.28965,335.0,0.00328744
104.857,155.0,1.4839,-0.39505,557.0,1.45912
65.7473,233.0,0.51915,-0.26285,633.0,0.350073
58.3224,164.0,0.7394,-0.3435,392.0,0.0340868
152.748,216.0,1.4995,-0.6245,554.0,0.404769
51.516,170.0,0.6259,-0.2248,523.0,0.475779
29.8939,133.0,0.4133,-0.23575,328.0,0.0118709
177.612,153.0,2.7016,-1.03295,407.0,0.141267
50.7712,170.0,0.5533,-0.2626,469.0,0.195952
108.593,160.0,1.35585,-0.61485,409.0,0.140942
28.0218,187.0,0.28265,-0.1071,611.0,0.724992
68.2152,156.0,0.86675,-0.29245,562.0,1.84194
53.7968,248.0,0.45965,-0.24585,595.0,0.198714
79.1969,189.0,0.8116,-0.3492,532.0,0.582672
48.9883,205.0,0.4457,-0.2026,572.0,0.452022
84.3404,144.0,1.1976,-0.57175,348.0,0.0350324
122.959,233.0,1.0287,-0.42135,653.0,1.70088
52.0842,206.0,0.467,-0.2808,493.0,0.0971666
42.1545,166.0,0.528,-0.19935,472.0,0.171371
23.5179,124.0,0.377135,-0.19235,291.0,0.0306236
102.121,199.0,0.98175,-0.49295,503.0,0.238074
34.7561,251.0,0.2354,-0.1079,748.0,1.06801
69.1366,156.0,0.8177,-0.3811,441.0,0.0840028
25.5134,197.0,0.2474,-0.13565,526.0,0.165224
59.5364,191.0,0.58185,-0.25645,522.0,1.8109
124.509,203.0,1.34105,-0.51835,536.0,0.452825
97.1585,136.0,1.45355,-0.69015,319.0,0.23698
54.3048,206.0,0.5685,-0.2366,534.0,0.826227
117.654,210.0,1.07875,-0.46445,606.0,0.453313
41.0023,167.0,0.4592,-0.1583,578.0,1.29851
19.214,128.0,0.31555,-0.14435,312.0,0.0404678
52.6302,205.0,0.48865,-0.2202,585.0,1.64494
52.5177,186.0,0.55835,-0.2606,460.0,0.18602
91.5028,193.0,0.88505,-0.42,521.0,0.381308
39.013,215.0,0.3269,-0.16375,582.0,0.0854561
19.7511,207.0,0.187715,-0.1198,424.0,0.0223968
179.021,197.0,2.2749,-0.5688,653.0,1.7236
59.4931,191.0,0.5895,-0.35055,410.0,0.0680491
45.8064,259.0,0.29675,-0.13955,773.0,1.18582
71.1201,183.0,0.73745,-0.30375,562.0,0.7321
89.1851,183.0,0.95375,-0.36685,550.0,0.302931
67.0115,206.0,0.70535,-0.22165,634.0,1.64624
89.4478,123.0,1.496,-0.7013,286.0,0.0365271
116.504,153.0,1.4537,-0.6688,412.0,0.267614
71.4108,225.0,0.61855,-0.2494,636.0,1.40982
121.098,210.0,1.26405,-0.5197,529.0,0.368883
22.9679,172.0,0.25544,-0.1009,532.0,0.391885
108.679,148.0,1.78435,-0.4253,531.0,0.724146
71.3243,177.0,0.78115,-0.3352,501.0,0.56297
78.092,174.0,0.9113,-0.35485,498.0,0.429409
70.3236,184.0,0.7402,-0.3146,511.0,0.639628
39.8462,160.0,0.4903,-0.20435,451.0,0.165802
30.7827,191.0,0.2851,-0.131,543.0,1.64046
53.5326,282.0,0.34645,-0.19215,680.0,0.356533
48.8272,184.0,0.4685,-0.2738,498.0,0.0445773
27.469,194.0,0.27145,-0.1158,571.0,0.135808
61.0083,193.0,0.5735,-0.32355,493.0,0.272785
63.4451,199.0,0.5966,-0.2655,585.0,0.573318
101.651,189.0,1.16855,-0.38075,565.0,1.27635
50.4773,150.0,0.65835,-0.31245,392.0,0.0352991
37.1726,195.0,0.36275,-0.2275,416.0,0.115866
43.0679,209.0,0.39195,-0.18195,580.0,0.251652
55.4044,300.0,0.30965,-0.17955,758.0,1.33345
85.8334,143.0,1.19045,-0.65995,321.0,0.00576231
42.2187,165.0,0.4974,-0.2518,395.0,0.208525
35.5993,257.0,0.2426,-0.13285,664.0,0.468664
63.7631,178.0,0.7139,-0.2832,509.0,0.524347
64.7912,135.0,0.93105,-0.37275,404.0,0.277923
38.7215,129.0,0.61735,-0.2818,323.0,0.0494615
33.2857,215.0,0.26705,-0.1141,683.0,1.02592
87.5071,177.0,1.02565,-0.55125,386.0,0.130042
70.2846,234.0,0.594,-0.24595,640.0,1.66459
36.875,169.0,0.3966,-0.1968,440.0,0.0178698
62.1125,187.0,0.59785,-0.3044,491.0,0.185754
69.6968,209.0,0.6159,-0.2781,616.0,0.392215
126.582,162.0,1.6508,-0.50835,548.0,1.26447
78.9654,225.0,0.6395,-0.28945,652.0,0.558027
50.7639,172.0,0.5401,-0.23605,506.0,0.783759
44.0138,171.0,0.47995,-0.27035,414.0,0.0233835
33.0522,176.0,0.3276,-0.1437,600.0,0.196238
62.7667,194.0,0.59835,-0.3618,471.0,0.018037
53.2323,188.0,0.54635,-0.35545,431.0,0.0378041
142.147,204.0,1.67745,-0.75245,481.0,0.156227
122.217,170.0,1.44785,-0.7163,407.0,0.0656949
19.433,154.0,0.24901,-0.10505,430.0,0.17093
43.311,150.0,0.57155,-0.2384,441.0,0.0728673
79.0141,252.0,0.683,-0.2345,705.0,1.58605
85.1342,255.0,0.7392,-0.29545,646.0,0.651338
39.7722,208.0,0.36645,-0.1811,555.0,0.131953
65.9,283.0,0.40645,-0.1893,778.0,1.76568
66.9878,255.0,0.5076,-0.20035,741.0,1.72222
30.024,202.0,0.2792,-0.1339,545.0,0.171652
92.8852,243.0,0.7232,-0.30485,695.0,1.05984
24.5121,162.0,0.26672,-0.15465,422.0,0.00722757
81.5593,160.0,1.02045,-0.40145,457.0,1.23119
78.8337,151.0,0.9446,-0.50495,371.0,0.618155
97.436,202.0,0.9622,-0.45495,490.0,0.328163
137.492,204.0,1.36905,-0.7332,482.0,0.292207
111.24,175.0,1.44325,-0.48565,497.0,0.320937
58.6432,173.0,0.67885,-0.2841,472.0,0.084135
126.284,195.0,1.37645,-0.71895,422.0,0.136561
66.6472,151.0,0.86335,-0.42635,387.0,0.0360816
31.2235,153.0,0.39735,-0.1927,352.0,0.0461281
74.7563,271.0,0.51125,-0.2649,702.0,1.02344
76.6861,200.0,0.8503,-0.3315,532.0,0.269665
37.7963,165.0,0.44255,-0.1401,558.0,0.835786
13.5087,141.0,0.19128,-0.0838,380.0,0.372611
31.3275,219.0,0.2764,-0.1364,553.0,0.768251
89.0731,166.0,1.02195,-0.49895,429.0,0.388405
29.5928,215.0,0.25095,-0.10135,672.0,1.12509
124.931,243.0,1.04995,-0.3898,694.0,1.54755
60.3583,193.0,0.59185,-0.3408,428.0,0.12711
89.1158,175.0,0.93865,-0.35855,589.0,0.651606
34.373,211.0,0.3038,-0.18515,478.0,0.0333232
59.4773,183.0,0.66215,-0.31725,447.0,0.286258
12.322,204.0,0.11756,-0.066535,474.0,0.027726
92.647,174.0,1.06535,-0.4466,475.0,0.191979
43.1058,228.0,0.341,-0.15995,671.0,0.797813
72.4061,229.0,0.6795,-0.2189,694.0,1.46201
58.8984,270.0,0.4555,-0.19155,689.0,0.462582
23.3217,182.0,0.24176,-0.1077,514.0,0.705199
36.3297,110.0,0.66875,-0.23295,361.0,0.909292
44.5579,200.0,0.4302,-0.19965,531.0,0.324295
55.7323,201.0,0.5407,-0.23375,564.0,0.127644
88.1955,172.0,0.9912,-0.4873,437.0,0.11326
104.89,213.0,0.97245,-0.4873,511.0,0.255179
130.929,199.0,1.29715,-0.6248,521.0,0.744774
71.995,156.0,0.8892,-0.35985,451.0,1.27474
45.9591,169.0,0.56165,-0.16645,597.0,0.646573
36.4566,271.0,0.2252,-0.1048,772.0,1.75978
59.1354,150.0,0.7877,-0.4472,322.0,0.0244471
20.0738,247.0,0.14893,-0.0675,721.0,0.449707
31.5184,226.0,0.24785,-0.0968,723.0,1.66024
37.0767,186.0,0.4009,-0.16925,502.0,0.667486
54.0691,215.0,0.475,-0.1874,669.0,0.522377
105.892,204.0,0.9799,-0.5916,459.0,0.0948111
50.1658,172.0,0.56755,-0.2492,466.0,0.103242
49.1758,133.0,0.721,-0.27175,406.0,0.680835
87.2994,247.0,0.67095,-0.3161,651.0,0.657882
47.0587,189.0,0.4808,-0.17985,599.0,0.429134
23.4746,225.0,0.187145,-0.10065,584.0,0.0871858
44.7303,177.0,0.4851,-0.21825,500.0,0.331517
48.0366,159.0,0.5759,-0.2596,427.0,0.0730804
99.8124,260.0,0.79195,-0.3697,643.0,0.298793
129.263,235.0,1.1201,-0.6175,508.0,0.051395
19.9763,125.0,0.332415,-0.2097,234.0,0.0046275
42.6054,220.0,0.3753,-0.2206,481.0,0.0861412
87.7705,178.0,0.9833,-0.3981,510.0,0.651044
52.3674,185.0,0.54835,-0.2376,537.0,0.686401
88.2643,155.0,1.1644,-0.4392,472.0,1.32575
50.0031,162.0,0.66165,-0.28015,402.0,0.129045
36.2888,195.0,0.3579,-0.15605,545.0,0.917073
44.2425,265.0,0.33115,-0.14035,694.0,0.330173
21.2133,150.0,0.280315,-0.1572,318.0,0.0129698
38.0,169.0,0.4512,-0.26615,345.0,0.0287705
90.9564,226.0,0.75925,-0.3501,614.0,0.778029
91.1961,242.0,0.7476,-0.3312,630.0,0.257206
16.3941,169.0,0.189535,-0.08335,486.0,0.207893
44.8996,227.0,0.3853,-0.20975,508.0,0.120782
92.3676,123.0,1.65055,-0.4143,470.0,1.87509
22.4121,164.0,0.267495,-0.11285,489.0,0.208963
56.1626,237.0,0.4247,-0.1875,696.0,1.52337
71.2308,201.0,0.6276,-0.2943,635.0,0.399481
80.116,154.0,1.0785,-0.382,461.0,0.250905
42.0916,167.0,0.49415,-0.165,553.0,1.41027
111.682,176.0,1.39585,-0.5386,460.0,0.248351
63.4773,156.0,0.7917,-0.33775,448.0,0.290746
22.5478,185.0,0.22925,-0.0767,689.0,0.490685
54.2244,207.0,0.48225,-0.2207,597.0,0.467583
98.4136,251.0,0.74665,-0.4007,603.0,0.62278
59.5823,154.0,0.8178,-0.3606,371.0,0.210137
103.923,175.0,1.1096,-0.59905,425.0,0.191544
80.2572,197.0,0.76845,-0.35645,551.0,0.420666
74.3158,124.0,1.2285,-0.6325,275.0,0.0217558
33.7786,199.0,0.32955,-0.19575,427.0,0.0466732
56.0343,154.0,0.72695,-0.4213,340.0,0.0680645
112.253,152.0,1.39285,-0.62485,412.0,0.615439
56.6975,188.0,0.58685,-0.25115,524.0,0.334271
53.1097,159.0,0.65085,-0.23905,494.0,1.22979
76.077,161.0,0.93265,-0.4805,379.0,0.0801816
93.4216,206.0,0.84645,-0.3891,578.0,0.978721
130.59,237.0,0.9998,-0.46195,685.0,0.94811
74.6391,197.0,0.6974,-0.46035,427.0,0.04961
81.4612,188.0,0.86135,-0.397,489.0,0.0557487
63.4221,159.0,0.76985,-0.2729,542.0,1.3372
31.0676,143.0,0.43355,-0.20085,379.0,0.268474
82.2225,162.0,1.0203,-0.3883,494.0,0.866064
32.2277,168.0,0.3876,-0.19905,383.0,0.114521
104.74,273.0,0.7145,-0.4767,580.0,0.094419
56.0917,174.0,0.60735,-0.2658,511.0,0.538048
62.6,226.0,0.5186,-0.26105,581.0,0.427734
162.873,248.0,1.22775,-0.603,677.0,1.2937
71.3176,252.0,0.51435,-0.2357,699.0,1.13917
23.245,147.0,0.31242,-0.09575,588.0,0.134303
83.1559,208.0,0.76575,-0.47875,447.0,0.16286
16.0783,259.0,0.10732,-0.04025,806.0,1.3126
24.2605,203.0,0.227515,-0.09885,558.0,0.61528
61.4265,150.0,0.80085,-0.379,375.0,0.0965122
57.7427,194.0,0.59375,-0.24635,523.0,0.444976
78.9245,191.0,0.8488,-0.42015,453.0,0.0654083
30.9586,237.0,0.2403,-0.1155,670.0,0.590525
78.5083,171.0,1.02095,-0.41145,433.0,0.176016
127.219,198.0,1.28715,-0.68655,455.0,0.0301653
58.9555,144.0,0.78685,-0.2975,443.0,1.01425
123.187,181.0,1.43555,-0.5232,524.0,1.53833
83.8464,181.0,1.07835,-0.4116,482.0,0.182966
47.5727,177.0,0.53895,-0.1826,570.0,0.197558
38.8416,245.0,0.2822,-0.13905,651.0,0.678019
64.181,245.0,0.5278,-0.2542,617.0,0.354043
71.5023,232.0,0.5673,-0.2692,619.0,0.824803
79.0955,198.0,0.82725,-0.28605,615.0,1.13315
18.1322,207.0,0.155305,-0.0609,687.0,0.890741
53.5306,253.0,0.35775,-0.18245,756.0,1.59255
69.809,223.0,0.57365,-0.2493,633.0,1.16423
42.6119,268.0,0.29755,-0.1294,723.0,1.12437
39.9784,175.0,0.44285,-0.19935,477.0,0.398576
84.4389,277.0,0.54825,-0.2912,712.0,1.26495
55.0402,164.0,0.6567,-0.4061,340.0,0.0356671
10.8686,240.0,0.078845,-0.0351,726.0,0.425359
111.954,232.0,0.8847,-0.51315,541.0,0.282873
93.4616,171.0,1.11545,-0.40605,518.0,1.13927
75.0327,272.0,0.54255,-0.2617,702.0,0.404252
45.8026,190.0,0.45005,-0.23845,476.0,0.379576
90.8211,172.0,1.10855,-0.4691,436.0,0.163889
41.2387,220.0,0.3472,-0.16515,610.0,0.532509
77.2514,223.0,0.72765,-0.28235,626.0,0.237781
108.752,163.0,1.32675,-0.60585,431.0,0.15094
39.35,143.0,0.56415,-0.32215,287.0,0.0257521
85.7441,227.0,0.6621,-0.31605,688.0,1.15819
109.497,202.0,1.0654,-0.44495,557.0,1.90738
81.378,226.0,0.62655,-0.3318,657.0,0.67093
69.9455,177.0,0.881,-0.30865,497.0,0.62485
80.9341,219.0,0.7072,-0.3547,534.0,0.505554
97.6707,162.0,1.1756,-0.40855,540.0,1.32345
41.2631,205.0,0.35955,-0.1486,630.0,1.32206
27.7598,167.0,0.3272,-0.12645,528.0,0.168694
45.8162,161.0,0.5339,-0.2341,455.0,0.255545
54.0378,214.0,0.50005,-0.2409,542.0,1.23117
97.9801,174.0,1.10435,-0.39645,560.0,0.668672
47.7242,225.0,0.39495,-0.2637,512.0,0.0269057
114.328,180.0,1.23865,-0.5548,482.0,1.20089
26.9512,161.0,0.32675,-0.1417,469.0,0.185714
54.8697,182.0,0.60325,-0.3432,395.0,0.0391809
30.5733,142.0,0.39965,-0.15515,442.0,0.224108
72.8908,153.0,0.9392,-0.3888,424.0,0.592189
73.2598,178.0,0.8313,-0.37065,453.0,0.109411
36.1291,257.0,0.2436,-0.11755,749.0,0.840215
131.719,220.0,1.11545,-0.53765,595.0,0.376513
174.552,162.0,2.47005,-1.02545,402.0,0.220383
50.236,210.0,0.4662,-0.20375,567.0,1.33183
88.8718,224.0,0.874,-0.3822,564.0,0.443401
126.889,169.0,1.5797,-0.6756,426.0,0.337856
52.9607,164.0,0.62065,-0.2929,440.0,0.199969
41.0404,192.0,0.40725,-0.17725,527.0,0.191599
143.636,212.0,1.31185,-0.58475,584.0,1.08764
51.2214,155.0,0.65875,-0.2724,444.0,0.273175
40.8145,197.0,0.39235,-0.2251,433.0,0.0771029
53.5174,182.0,0.5557,-0.34815,388.0,0.00563159
109.077,162.0,1.37475,-0.5979,414.0,0.153985
47.3461,157.0,0.6001,-0.3045,372.0,0.0649991
105.59,219.0,0.91225,-0.4683,551.0,1.30834
37.2486,171.0,0.43015,-0.18215,470.0,0.783294
53.1922,177.0,0.54525,-0.307,462.0,0.0241142
162.222,218.0,1.57015,-0.63135,585.0,0.520581
107.528,169.0,1.3013,-0.5576,446.0,0.184143
14.0947,226.0,0.110795,-0.0555,664.0,0.213462
65.2322,199.0,0.60125,-0.3579,502.0,0.0507571
21.3995,229.0,0.16895,-0.07705,666.0,0.550219
84.0104,193.0,0.791,-0.3756,526.0,0.180642
79.7135,244.0,0.6763,-0.25425,695.0,0.777448
80.4408,245.0,0.67325,-0.2379,742.0,1.83657
40.6551,195.0,0.39335,-0.1874,516.0,0.133969
144.953,194.0,1.48475,-0.56565,565.0,1.50872
58.4447,160.0,0.7926,-0.22305,565.0,1.28215
31.4295,174.0,0.34465,-0.13905,544.0,0.504689
59.7693,238.0,0.48205,-0.2348,598.0,0.343798
13.3765,178.0,0.13641,-0.0431,726.0,0.329461
69.2243,221.0,0.61585,-0.21775,673.0,1.74508
65.8408,206.0,0.63295,-0.312,501.0,0.566699
60.8513,222.0,0.48805,-0.2502,597.0,0.311042
61.5446,126.0,1.0093,-0.5232,279.0,0.0462004
131.988,221.0,1.1461,-0.4517,659.0,1.0315
28.8398,153.0,0.3738,-0.2082,332.0,0.0653732
89.4053,203.0,0.7989,-0.4505,516.0,0.0912507
40.2074,166.0,0.46785,-0.1925,500.0,0.279336
84.1044,139.0,1.1395,-0.4918,398.0,0.110948
74.1006,186.0,0.751,-0.2888,584.0,1.77313
54.424,209.0,0.477,-0.2342,593.0,0.277274
155.896,207.0,1.641,-0.5718,597.0,1.11692
73.5709,191.0,0.7503,-0.3624,475.0,0.242152
35.7993,139.0,0.49265,-0.2123,402.0,0.25805
151.593,199.0,1.6062,-0.567,583.0,1.11663
45.6721,175.0,0.5101,-0.3138,361.0,0.0125863
76.3118,174.0,0.81115,-0.40535,474.0,0.154487
27.9435,172.0,0.32365,-0.1451,460.0,0.0902203
33.5327,179.0,0.36345,-0.184,422.0,0.356751
53.7011,256.0,0.39265,-0.1766,682.0,0.930441
51.0132,177.0,0.54735,-0.21825,527.0,1.68132
46.1944,166.0,0.5314,-0.2141,538.0,0.138219
68.3254,200.0,0.7199,-0.30645,521.0,0.426825
58.9371,127.0,0.9153,-0.3965,339.0,0.117383
22.4814,202.0,0.211835,-0.117,480.0,0.121176
108.931,257.0,0.9335,-0.49565,555.0,0.318075
31.1135,183.0,0.3319,-0.16355,465.0,0.364864
95.5974,148.0,1.3554,-0.5344,390.0,0.869294
63.9527,213.0,0.5735,-0.3086,530.0,0.143415
50.4957,166.0,0.6089,-0.2278,496.0,0.576891
109.711,236.0,0.89485,-0.45235,585.0,0.280955
63.1273,230.0,0.52495,-0.2269,654.0,0.453538
102.317,183.0,1.1814,-0.5871,414.0,0.15086
53.9083,146.0,0.7291,-0.31465,401.0,0.739565
38.9617,187.0,0.40645,-0.20855,457.0,0.0682261
53.2041,157.0,0.6574,-0.21955,538.0,1.92029
89.4017,247.0,0.6908,-0.29985,682.0,0.6974
72.7432,168.0,0.8153,-0.4568,386.0,0.0490381
75.0016,215.0,0.67815,-0.31785,555.0,0.382677
127.719,168.0,1.5143,-0.66435,439.0,1.26627
85.5199,175.0,0.99225,-0.40785,475.0,1.15103
45.6783,222.0,0.3853,-0.16405,617.0,1.74895
90.3875,185.0,1.01075,-0.49845,429.0,0.136768
79.5847,162.0,0.94715,-0.54065,382.0,0.0336955
69.5952,181.0,0.7089,-0.3484,486.0,0.103704
57.0455,249.0,0.42875,-0.2102,646.0,0.198424
60.4376,185.0,0.67025,-0.26105,512.0,0.754358
93.771,139.0,1.3896,-0.52155,405.0,0.503956
63.652,227.0,0.49525,-0.2088,715.0,1.64692
121.22,176.0,1.41275,-0.59445,454.0,0.327955
53.8106,155.0,0.67375,-0.2306,521.0,1.27361
35.3508,193.0,0.33065,-0.1235,661.0,0.785673
28.4711,137.0,0.4273,-0.23965,293.0,0.00264279
45.2449,167.0,0.54195,-0.20285,497.0,0.387847
51.4051,217.0,0.4484,-0.2082,567.0,1.62839
64.2357,201.0,0.5778,-0.2223,668.0,1.96241
62.7713,219.0,0.51555,-0.2301,686.0,0.693552
41.5929,209.0,0.3715,-0.15995,624.0,0.271164
69.5942,158.0,0.8127,-0.3225,511.0,0.529862
56.0892,201.0,0.6049,-0.1745,658.0,1.19595
120.049,151.0,1.63755,-0.69305,401.0,0.419546
36.6845,178.0,0.38635,-0.1801,495.0,0.347146
45.3683,181.0,0.49635,-0.30945,383.0,0.0418591
68.0491,181.0,0.73115,-0.2913,530.0,1.04271
42.8582,146.0,0.5581,-0.2273,437.0,0.822102
56.3425,216.0,0.47315,-0.2264,617.0,0.265327
68.1342,197.0,0.63625,-0.40975,421.0,0.100949
30.2725,166.0,0.3528,-0.14535,504.0,0.272395
16.1837,161.0,0.20654,-0.07555,532.0,0.0816005
81.8331,271.0,0.5778,-0.2424,732.0,1.72581
55.9569,108.0,0.99725,-0.47265,272.0,0.0262234
47.402,198.0,0.518,-0.14435,673.0,1.90176
148.778,148.0,2.3894,-0.8841,375.0,0.152097
109.684,169.0,1.35035,-0.5749,432.0,0.187612
128.819,204.0,1.2565,-0.58845,516.0,0.456492
14.7872,106.0,0.295515,-0.16014,221.0,0.00960699
108.578,175.0,1.21135,-0.47765,516.0,1.43002
160.779,155.0,2.50115,-0.9986,408.0,0.477858
48.4689,234.0,0.3795,-0.19145,616.0,0.222527
150.525,261.0,1.06355,-0.52235,700.0,1.57726
47.2111,148.0,0.64825,-0.22505,492.0,0.357145
43.0016,202.0,0.4143,-0.1486,622.0,1.9564
74.7138,260.0,0.5882,-0.27785,627.0,0.396959
108.163,175.0,1.30675,-0.6477,398.0,0.0531126
21.5703,147.0,0.27744,-0.18105,310.0,0.00836948
44.5415,202.0,0.407,-0.19045,602.0,0.171503
14.4602,180.0,0.15143,-0.0432,724.0,0.601264
82.0093,227.0,0.6889,-0.3382,581.0,0.348714
131.288,131.0,2.02255,-0.82225,366.0,0.41967
63.4994,176.0,0.7133,-0.2821,495.0,1.8056
90.0198,233.0,0.72875,-0.34995,609.0,1.0504
18.4343,187.0,0.183245,-0.0775,646.0,0.198638
23.8512,202.0,0.22092,-0.0948,607.0,0.374654
64.0416,178.0,0.7464,-0.2977,475.0,0.633341
115.024,224.0,0.9674,-0.3863,671.0,1.27032
22.6229,172.0,0.254025,-0.1371,406.0,0.0408769
51.1242,136.0,0.73315,-0.2821,401.0,1.20316
11.2164,172.0,0.126775,-0.05731,481.0,0.0777641
18.0547,129.0,0.286375,-0.0854,404.0,0.176247
44.4426,144.0,0.572,-0.2471,429.0,0.121633
32.742,214.0,0.28435,-0.10305,712.0,1.0381
58.6269,137.0,0.8799,-0.3709,358.0,0.221307
21.5677,165.0,0.257345,-0.1124,483.0,0.0492821
38.8392,155.0,0.48605,-0.27815,332.0,0.0557376
30.3006,167.0,0.3448,-0.12795,538.0,1.37351
83.136,161.0,0.966,-0.49445,407.0,0.12972
65.1252,170.0,0.72005,-0.3298,463.0,0.189491
133.843,200.0,1.3029,-0.58775,549.0,0.580712
160.365,150.0,2.69075,-0.65565,512.0,0.716473
162.957,235.0,1.64925,-0.51485,682.0,1.85989
83.9146,172.0,0.91905,-0.51895,403.0,0.0654965
36.2095,209.0,0.32105,-0.12335,686.0,0.439237
74.1121,258.0,0.53515,-0.23905,708.0,1.01542
22.126,188.0,0.230375,-0.1201,466.0,0.0514048
10.8823,163.0,0.13076,-0.046895,551.0,0.20596
69.6298,137.0,0.99085,-0.43425,376.0,0.233991
10.5937,140.0,0.14469,-0.052295,507.0,0.662726
28.4964,167.0,0.3265,-0.1818,376.0,0.0380185
61.1912,185.0,0.6804,-0.25075,547.0,1.11903
25.4549,178.0,0.263175,-0.09815,595.0,0.911622
19.6992,194.0,0.171425,-0.06445,667.0,1.28774
30.2689,252.0,0.2218,-0.1242,641.0,0.921348
73.113,278.0,0.5205,-0.28045,636.0,0.179564
79.8193,163.0,0.97755,-0.5786,337.0,0.0535815
128.428,237.0,1.0367,-0.5216,598.0,0.25727
63.5618,211.0,0.5707,-0.31585,492.0,0.242202
23.6071,232.0,0.188945,-0.09735,581.0,0.575738
34.7036,144.0,0.45735,-0.2704,312.0,0.0142576
63.1272,185.0,0.6357,-0.3758,452.0,0.0583106
85.2807,162.0,1.00775,-0.412,472.0,1.15026
89.5035,236.0,0.76615,-0.3505,618.0,0.306755
54.9043,301.0,0.3281,-0.15565,785.0,1.61614
21.1381,200.0,0.193795,-0.0879,568.0,0.50715
22.0788,163.0,0.253155,-0.06755,745.0,0.812452
30.0754,151.0,0.39275,-0.13625,523.0,1.07457
10.2666,221.0,0.079665,-0.02647,795.0,0.781433
28.3558,143.0,0.3844,-0.20985,349.0,0.00926102
46.8581,221.0,0.377,-0.1494,744.0,1.08299
47.076,208.0,0.4229,-0.21385,581.0,0.168169
27.5019,163.0,0.3025,-0.1427,491.0,0.0827551
48.6189,174.0,0.55535,-0.2406,461.0,0.278347
82.281,167.0,0.9941,-0.36005,507.0,0.853643
62.8247,206.0,0.5321,-0.229,668.0,1.33981
124.013,247.0,1.02775,-0.4362,668.0,1.48383
148.643,204.0,1.654,-0.5705,566.0,0.791653
33.0587,224.0,0.25735,-0.0895,793.0,1.60994
62.1565,187.0,0.5992,-0.27175,568.0,0.423243
89.4643,192.0,0.9077,-0.45545,473.0,0.862284
48.2562,168.0,0.53225,-0.1919,560.0,1.16864
63.339,198.0,0.5913,-0.2654,571.0,0.953127
32.8026,279.0,0.2016,-0.0895,790.0,1.5159
25.7871,257.0,0.177105,-0.0963,655.0,0.315383
117.694,209.0,1.11735,-0.4763,572.0,0.897674
59.7194,200.0,0.56795,-0.2048,679.0,1.34468
49.2721,235.0,0.3742,-0.1999,629.0,0.356851
41.2967,188.0,0.4002,-0.17635,593.0,0.132963
53.1009,193.0,0.58075,-0.1733,638.0,1.12063
77.7497,215.0,0.76535,-0.3507,526.0,0.180775
31.456,195.0,0.312,-0.1552,520.0,0.751683
69.7081,167.0,0.7736,-0.34715,501.0,0.324436
54.5182,260.0,0.4202,-0.1606,742.0,1.07566
29.835,151.0,0.3874,-0.16265,433.0,0.0841446
35.179,225.0,0.2822,-0.10605,737.0,1.93679
41.6638,215.0,0.3405,-0.1526,671.0,0.702521
29.0096,166.0,0.34395,-0.175,393.0,0.0749498
146.051,202.0,1.55345,-0.6258,521.0,0.469451
61.3079,205.0,0.5917,-0.2839,518.0,0.147961
98.5568,177.0,1.08435,-0.48055,468.0,0.433209
112.308,219.0,0.934,-0.456,600.0,1.4254
66.6555,146.0,0.8917,-0.4857,350.0,0.0466039
119.236,170.0,1.71655,-0.52385,515.0,0.991421
24.2734,147.0,0.3217,-0.16245,360.0,0.0314082
85.6297,212.0,0.828,-0.3536,578.0,1.06706
13.9093,186.0,0.14523,-0.0605,607.0,0.0808112
25.2354,203.0,0.223775,-0.0828,703.0,0.65352
117.051,224.0,1.0228,-0.4388,604.0,1.44403
97.2358,208.0,0.90195,-0.5369,448.0,0.056572
54.7045,174.0,0.64455,-0.2587,472.0,0.400245
55.503,234.0,0.4285,-0.312,496.0,0.0538677
113.024,211.0,0.9844,-0.43095,615.0,0.925112
71.1893,167.0,0.91715,-0.40305,399.0,0.034611
49.344,232.0,0.3856,-0.1727,672.0,1.09454
64.8563,216.0,0.5765,-0.3498,469.0,0.0712461
123.117,204.0,1.1579,-0.5417,560.0,0.199916
29.4658,260.0,0.2099,-0.0951,698.0,0.794423
34.4768,151.0,0.45475,-0.17505,539.0,0.12296
53.9979,158.0,0.6749,-0.35255,363.0,0.0382136
94.9263,198.0,0.8993,-0.35905,624.0,1.93075
64.6012,282.0,0.41135,-0.2422,675.0,0.897624
102.161,132.0,1.57225,-0.6614,346.0,0.0875645
71.5704,284.0,0.535,-0.21585,740.0,0.795383
63.1854,258.0,0.4617,-0.2465,642.0,0.412788
115.988,238.0,1.01095,-0.43065,608.0,1.45324
32.5165,217.0,0.29925,-0.12935,588.0,0.814201
53.3475,153.0,0.6859,-0.3502,361.0,0.0138091
73.6659,241.0,0.6809,-0.35005,542.0,0.385536
85.1566,207.0,0.7828,-0.45775,484.0,0.134315
73.4426,194.0,0.745,-0.4681,394.0,0.0576856
42.6184,168.0,0.48275,-0.19445,517.0,0.338052
89.5254,176.0,0.9754,-0.42385,498.0,0.7285
166.349,246.0,1.52825,-0.5175,731.0,1.08401
107.837,153.0,1.47335,-0.61965,391.0,0.298682
89.6216,208.0,0.81195,-0.4361,511.0,0.122667
79.0229,219.0,0.7084,-0.3364,558.0,0.271503
19.2335,242.0,0.15182,-0.1055,520.0,0.224086
22.5953,188.0,0.22321,-0.0875,603.0,0.804561
17.4629,217.0,0.15009,-0.0735,574.0,0.201717
99.9962,216.0,1.1212,-0.35505,640.0,0.646703
97.7788,220.0,0.80775,-0.4371,558.0,1.25429
180.686,176.0,2.25225,-1.03295,419.0,0.331982
73.5185,145.0,0.97995,-0.449,382.0,0.110201
45.4646,157.0,0.54545,-0.24765,442.0,0.186606
70.8267,206.0,0.6508,-0.29445,572.0,0.258057
20.9584,138.0,0.31737,-0.17665,272.0,0.0606963
54.1521,251.0,0.4165,-0.1916,645.0,0.591979
87.8601,192.0,0.82655,-0.40355,521.0,0.317951
102.139,224.0,0.857,-0.51985,516.0,0.156764
108.356,218.0,1.01535,-0.51015,494.0,0.708481
30.8444,134.0,0.46295,-0.19865,359.0,0.0538712
27.437,145.0,0.404,-0.21605,330.0,0.026357
64.5696,197.0,0.58785,-0.36425,479.0,0.0732233
118.7,148.0,1.5713,-0.6406,433.0,1.2273
41.7104,207.0,0.3838,-0.2448,420.0,0.066384
30.4999,179.0,0.3148,-0.1544,492.0,0.441928
81.619,227.0,0.64515,-0.3301,615.0,0.947714
16.6316,183.0,0.179305,-0.07585,534.0,0.25891
40.2035,205.0,0.3448,-0.1782,584.0,0.237376
31.39,124.0,0.5148,-0.23375,346.0,0.018215
86.1652,198.0,0.8227,-0.40545,501.0,0.953486
31.7246,208.0,0.2898,-0.14115,534.0,0.0932268
70.063,196.0,0.64825,-0.29705,555.0,1.62272
17.0844,196.0,0.15634,-0.0562,673.0,1.24009
98.6817,178.0,1.1312,-0.4757,474.0,0.292375
87.5643,231.0,0.7033,-0.3435,616.0,1.11703
86.5104,220.0,0.82225,-0.3971,510.0,0.215677
45.593,197.0,0.43775,-0.17645,582.0,1.72469
66.8561,205.0,0.6412,-0.3131,512.0,0.925522
52.4022,185.0,0.53975,-0.21055,599.0,0.573288
41.549,192.0,0.43055,-0.1678,540.0,0.886737
135.154,165.0,1.69865,-0.6155,496.0,1.5391
62.9971,181.0,0.65765,-0.39115,415.0,0.129866
41.7638,124.0,0.71,-0.24355,361.0,0.2608
57.7861,159.0,0.77685,-0.38275,356.0,0.0308289
105.093,256.0,0.80965,-0.3521,672.0,1.04834
33.1994,185.0,0.3436,-0.14305,557.0,0.265361
92.0577,224.0,0.8326,-0.3136,634.0,1.24287
73.2021,197.0,0.74005,-0.2613,607.0,1.94974
80.589,153.0,1.00615,-0.44075,435.0,0.15826
131.13,178.0,1.56005,-0.5576,513.0,1.26274
18.3186,136.0,0.279445,-0.1303,326.0,0.0297727
51.299,210.0,0.44855,-0.1753,691.0,0.583875
13.7195,175.0,0.153835,-0.091525,384.0,0.0236722
76.6461,217.0,0.68495,-0.3046,573.0,0.820062
105.534,180.0,1.13405,-0.5055,482.0,0.245046
91.9622,206.0,1.0471,-0.34995,586.0,0.385604
64.2356,168.0,0.73555,-0.3234,454.0,0.144803
101.952,238.0,0.81945,-0.31185,712.0,1.47861
78.9471,220.0,0.6646,-0.3546,533.0,0.59129
38.3182,174.0,0.4404,-0.1842,483.0,0.152548
31.4785,178.0,0.3301,-0.183,439.0,0.0219817
63.4391,173.0,0.72555,-0.25435,553.0,0.896874
42.3657,163.0,0.48675,-0.2231,480.0,0.0581832
75.0295,186.0,0.7871,-0.36285,504.0,0.49667
61.5117,169.0,0.7034,-0.41305,358.0,0.0316183
76.7489,242.0,0.55615,-0.253,708.0,1.46159
42.3773,187.0,0.4226,-0.18255,540.0,0.556345
82.4422,158.0,1.0139,-0.4101,467.0,1.0125
60.4163,229.0,0.53675,-0.2403,575.0,0.252527
33.6302,163.0,0.3938,-0.1876,434.0,0.254447
46.3042,129.0,0.7596,-0.41045,261.0,0.0230258
54.0976,135.0,0.8881,-0.3146,378.0,0.101976
59.8106,224.0,0.50155,-0.2359,582.0,1.13844
53.8421,233.0,0.41475,-0.2183,645.0,0.437369
34.9346,231.0,0.26575,-0.15065,603.0,0.179064
105.013,185.0,1.0867,-0.5201,496.0,0.473125
35.2858,200.0,0.308,-0.127,636.0,1.65748
50.4221,188.0,0.51475,-0.2602,478.0,0.166279
37.3889,143.0,0.5369,-0.17245,500.0,0.371021
50.6406,162.0,0.59535,-0.2919,432.0,0.0267141
77.4048,252.0,0.578,-0.26885,658.0,1.31675
33.4066,212.0,0.2907,-0.15915,543.0,0.0514396
33.7537,183.0,0.35595,-0.1896,425.0,0.497582
68.7573,164.0,0.7706,-0.3666,465.0,0.116347
119.421,160.0,1.65565,-0.53615,484.0,0.278922
79.8421,216.0,0.70105,-0.3776,520.0,0.144018
68.3775,195.0,0.61705,-0.31865,560.0,0.134872
64.0241,243.0,0.51705,-0.2557,606.0,0.659448
95.939,162.0,1.24115,-0.5189,427.0,1.12291
58.2394,137.0,0.8404,-0.39415,349.0,0.179323
67.8973,248.0,0.50575,-0.2547,637.0,0.488547
80.1327,214.0,0.72765,-0.37325,523.0,0.295955
97.1027,166.0,1.03625,-0.4924,500.0,0.186402
68.6033,243.0,0.50205,-0.23735,733.0,1.37131
33.9736,169.0,0.41995,-0.19915,391.0,0.137608
63.1909,175.0,0.7092,-0.2823,512.0,0.923091
56.0639,149.0,0.7179,-0.3757,380.0,0.0324932
28.7163,138.0,0.4298,-0.24895,285.0,0.00198089
35.2157,156.0,0.44355,-0.2706,319.0,0.00859241
25.5521,191.0,0.250185,-0.1074,571.0,0.433749
69.5971,157.0,0.8929,-0.3777,419.0,0.126522
82.9021,207.0,0.80245,-0.3972,532.0,0.339511
62.9817,222.0,0.536,-0.22205,643.0,1.96564
26.6864,152.0,0.3373,-0.1173,509.0,1.33293
29.0895,207.0,0.2642,-0.10595,650.0,0.424979
120.894,222.0,1.0534,-0.4993,565.0,1.00418
93.2979,180.0,1.0914,-0.58325,386.0,0.0636827
56.5736,229.0,0.52385,-0.17475,676.0,1.48771
23.5059,170.0,0.27721,-0.148,385.0,0.0466736
29.7468,148.0,0.38635,-0.21885,358.0,0.0223532
57.7398,159.0,0.68435,-0.29965,452.0,0.135447
48.3846,212.0,0.44805,-0.26895,451.0,0.022615
48.8867,188.0,0.51175,-0.23665,490.0,0.221965
120.673,210.0,1.11945,-0.55,529.0,0.559089
159.022,260.0,1.36165,-0.49525,702.0,1.61007
73.0387,172.0,0.8523,-0.37565,455.0,0.0939954
116.51,163.0,1.6547,-0.452,534.0,0.866022
79.5311,214.0,0.7563,-0.35265,536.0,0.40751
53.7196,204.0,0.56325,-0.19255,629.0,0.756328
28.901,205.0,0.25785,-0.11295,617.0,0.718273
53.686,187.0,0.56955,-0.2694,462.0,0.137666
11.2429,213.0,0.10054,-0.052455,549.0,0.056738
40.2485,211.0,0.36535,-0.19535,517.0,0.422107
20.91,154.0,0.257405,-0.10855,442.0,1.54494
103.794,167.0,1.4014,-0.54715,426.0,0.381408
71.595,187.0,0.7381,-0.3087,542.0,0.320058
42.8401,234.0,0.33305,-0.15565,647.0,0.694705
79.6578,201.0,0.76355,-0.4165,521.0,0.106991
28.4885,201.0,0.25415,-0.1701,495.0,0.0223722
75.3382,183.0,0.8513,-0.3271,516.0,0.198907
85.8882,146.0,1.20625,-0.51355,373.0,0.20956
103.58,165.0,1.23115,-0.56825,420.0,0.204464
71.409,225.0,0.5582,-0.2961,593.0,0.537989
74.2271,177.0,0.8934,-0.31645,517.0,0.313745
51.0844,182.0,0.53655,-0.2919,423.0,0.0513675
27.8606,148.0,0.36045,-0.11505,560.0,0.5176
138.53,198.0,1.54735,-0.8607,493.0,0.1016
54.7341,181.0,0.58455,-0.25265,526.0,0.143976
85.5689,211.0,0.7997,-0.3192,589.0,1.35896
36.8995,210.0,0.3253,-0.1164,718.0,1.46467
93.0435,191.0,1.002,-0.48015,443.0,0.215919
43.5725,148.0,0.5534,-0.3011,362.0,0.021957
23.994,221.0,0.189415,-0.0811,699.0,0.592028
45.3291,207.0,0.4224,-0.23705,513.0,0.11268
28.3096,142.0,0.40305,-0.2562,272.0,0.062665
12.011,175.0,0.13037,-0.05543,526.0,0.0682126
44.3586,147.0,0.6017,-0.2263,431.0,0.48724
77.6673,153.0,1.0234,-0.4514,393.0,0.162348
76.5714,170.0,0.8396,-0.5197,385.0,0.0293715
38.2952,128.0,0.60565,-0.2647,325.0,0.0743827
78.7488,133.0,1.1991,-0.58415,306.0,0.0561011
72.1679,154.0,0.9035,-0.42505,389.0,0.14355
88.5732,186.0,0.9836,-0.3988,496.0,0.567425
72.9805,188.0,0.78455,-0.36025,468.0,0.121985
37.2179,157.0,0.4581,-0.20215,434.0,0.430428
31.6284,191.0,0.3005,-0.11975,604.0,1.68196
25.6187,212.0,0.230695,-0.1228,499.0,0.0931014
35.4613,150.0,0.4678,-0.1712,478.0,0.704943
49.6334,165.0,0.59045,-0.22825,503.0,0.93106
73.5718,175.0,0.90565,-0.27035,591.0,0.914626
118.839,170.0,1.3376,-0.7365,387.0,0.26142
70.1071,211.0,0.5923,-0.3234,594.0,0.27244
49.7035,179.0,0.5315,-0.25515,471.0,0.117419
95.2052,125.0,1.55965,-0.6223,351.0,0.765873
85.9691,230.0,0.6963,-0.29565,672.0,1.54504
68.4173,188.0,0.68725,-0.30695,550.0,0.327581
57.7001,192.0,0.5482,-0.25585,541.0,0.274285
79.957,143.0,1.1063,-0.53845,340.0,0.0384597
30.9067,177.0,0.3491,-0.1937,383.0,0.0184105
25.3384,163.0,0.31194,-0.15005,421.0,0.350595
112.604,194.0,1.02495,-0.53435,538.0,0.291173
76.0736,208.0,0.68555,-0.27065,642.0,1.52002
122.164,176.0,1.58325,-0.68425,424.0,0.166783
23.7471,181.0,0.26032,-0.11745,492.0,0.346138
26.3771,186.0,0.26905,-0.1133,552.0,0.204202
85.3269,224.0,0.68505,-0.3437,609.0,0.438934
124.257,173.0,1.56545,-0.56935,489.0,0.532668
14.5932,150.0,0.19447,-0.103035,336.0,0.044227
77.0954,171.0,0.8591,-0.34425,528.0,1.4491
28.138,212.0,0.2452,-0.0857,743.0,0.777527
35.041,251.0,0.2722,-0.10925,691.0,1.037
65.0213,193.0,0.6479,-0.25845,604.0,0.774662
29.4994,158.0,0.365,-0.1364,482.0,0.621567
51.5819,208.0,0.52025,-0.21085,538.0,0.289555
39.0971,227.0,0.3122,-0.1684,553.0,0.14552
88.814,246.0,0.6242,-0.3134,736.0,1.98829
73.7754,205.0,0.67135,-0.3389,538.0,0.0697585
18.4891,190.0,0.193675,-0.093,532.0,0.0436967
60.4256,141.0,0.84525,-0.41045,349.0,0.248643
82.3859,252.0,0.5775,-0.27265,734.0,1.65949
52.219,157.0,0.63195,-0.3221,382.0,0.0586383
66.4675,200.0,0.6819,-0.3398,463.0,0.107517
148.55,237.0,1.3015,-0.4992,672.0,1.00998
41.2218,171.0,0.47545,-0.25415,398.0,0.0376706
16.6728,111.0,0.31,-0.1864,219.0,0.00927591
40.6122,247.0,0.2935,-0.1379,697.0,1.64543
89.6495,212.0,0.8229,-0.36775,575.0,0.188723
27.0565,175.0,0.3002,-0.13635,458.0,0.22946
27.3807,170.0,0.3134,-0.1981,350.0,0.02366
15.9952,172.0,0.18139,-0.07405,521.0,0.37802
64.2979,213.0,0.5555,-0.30205,566.0,0.109846
45.1245,159.0,0.56955,-0.1965,521.0,0.87729
37.2549,196.0,0.35075,-0.1499,590.0,0.739999
67.3692,250.0,0.60615,-0.24715,622.0,0.154617
82.2583,170.0,0.92855,-0.5701,370.0,0.0585649
74.5133,230.0,0.62915,-0.28845,589.0,0.63428
70.5423,177.0,0.70775,-0.35975,502.0,0.138823
64.107,133.0,0.9547,-0.4828,308.0,0.0682581
46.3483,157.0,0.55645,-0.21915,489.0,1.14031
66.8293,173.0,0.70405,-0.36495,474.0,0.174384
60.8924,186.0,0.61575,-0.28865,504.0,0.780448
67.8089,160.0,0.858,-0.47865,336.0,0.0800121
48.2095,157.0,0.5683,-0.34555,390.0,0.0148089
65.9127,305.0,0.41455,-0.2028,751.0,0.855333
59.4535,210.0,0.54005,-0.21835,637.0,0.655325
70.2887,270.0,0.47355,-0.2146,769.0,1.36743
95.4054,234.0,0.72285,-0.34905,677.0,1.57926
51.7442,149.0,0.7381,-0.3875,313.0,0.0133687
148.32,186.0,1.87255,-0.5927,545.0,1.60103
86.0675,211.0,0.8474,-0.3073,606.0,0.6481
69.5683,134.0,0.9618,-0.57725,292.0,0.00987863
55.7446,171.0,0.64785,-0.2462,529.0,0.444353
24.4365,182.0,0.25725,-0.1548,408.0,0.144101
36.5768,192.0,0.36225,-0.1689,518.0,0.543537
41.6593,154.0,0.5268,-0.33965,314.0,0.0142273
149.102,201.0,1.54195,-0.6714,502.0,0.365799
55.5047,198.0,0.543,-0.21545,608.0,0.690829
116.643,174.0,1.3343,-0.5429,495.0,0.973923
77.5198,163.0,0.9645,-0.4126,433.0,0.10718
130.632,252.0,1.0155,-0.4028,709.0,1.66637
83.1805,230.0,0.67825,-0.36365,596.0,0.207568
58.1285,161.0,0.7,-0.28265,475.0,0.222261
63.7826,176.0,0.6822,-0.3391,461.0,0.11002
20.8635,196.0,0.19803,-0.1188,466.0,0.0471438
96.2794,195.0,0.96945,-0.52475,431.0,0.0699951
50.072,190.0,0.5579,-0.26515,443.0,0.123568
25.6754,201.0,0.243315,-0.08705,707.0,0.444202
55.7004,174.0,0.6107,-0.3528,389.0,0.115282
82.1868,157.0,1.0704,-0.43305,424.0,0.444969
18.3762,193.0,0.18481,-0.1002,525.0,0.0383554
34.459,178.0,0.3609,-0.15585,510.0,0.250628
87.6481,192.0,0.8811,-0.3326,591.0,1.18124
51.3625,238.0,0.39025,-0.18325,668.0,0.543136
106.603,215.0,0.934,-0.56865,484.0,0.264069
36.2888,193.0,0.36535,-0.1747,497.0,0.355347
75.8613,189.0,0.7327,-0.42555,491.0,0.143363
69.1966,194.0,0.654,-0.3569,500.0,0.241427
83.9083,151.0,1.1588,-0.57395,339.0,0.0250301
68.5382,183.0,0.7075,-0.2893,570.0,0.303121
51.5735,189.0,0.5414,-0.15155,701.0,1.86302
55.8835,178.0,0.6001,-0.24745,521.0,1.02688
55.1276,197.0,0.53185,-0.26765,505.0,0.152254
51.3857,229.0,0.41175,-0.1919,620.0,0.39466
114.389,227.0,0.86445,-0.43955,676.0,1.24572
39.9547,174.0,0.45575,-0.22245,423.0,0.0681313
40.6269,179.0,0.46395,-0.20655,444.0,0.0544601
48.208,216.0,0.41295,-0.22155,559.0,0.120167
106.558,143.0,1.4877,-0.525,451.0,1.202
133.681,208.0,1.2865,-0.5694,553.0,0.506244
89.1073,173.0,1.01545,-0.4184,488.0,0.840927
57.9671,132.0,0.83395,-0.4829,294.0,0.00942752
35.6909,241.0,0.2757,-0.12415,652.0,0.539989
24.4304,156.0,0.3144,-0.1476,412.0,0.0175664
53.9723,226.0,0.47315,-0.17885,653.0,1.27078
42.1149,174.0,0.44625,-0.2548,408.0,0.0585652
62.7678,198.0,0.65375,-0.2369,584.0,0.655724
39.9955,189.0,0.3832,-0.16065,589.0,1.18037
63.7607,245.0,0.53965,-0.2242,669.0,0.767688
38.6953,159.0,0.4613,-0.22975,407.0,0.0867253
24.5415,214.0,0.211695,-0.08605,658.0,1.3883
133.29,148.0,1.86545,-0.67505,431.0,0.522073
71.3511,157.0,0.8751,-0.45195,381.0,0.0714344
53.3665,189.0,0.58235,-0.20625,551.0,1.40741
43.5442,194.0,0.4251,-0.2256,456.0,0.0548025
15.8787,146.0,0.20644,-0.10235,413.0,0.0166281
41.1188,184.0,0.41645,-0.1725,508.0,1.96571
143.637,179.0,1.6907,-0.8292,429.0,0.229978
105.296,196.0,1.10455,-0.5108,506.0,0.765269
57.2383,209.0,0.5007,-0.2211,646.0,0.506685
12.1388,174.0,0.132315,-0.104325,335.0,0.0276318
40.1816,169.0,0.4656,-0.2284,425.0,0.134299
94.2029,219.0,0.7739,-0.4303,552.0,0.0959248
99.0441,200.0,0.98825,-0.541,473.0,0.0940953
58.1157,207.0,0.54485,-0.25385,548.0,1.33415
76.8137,186.0,0.77985,-0.3843,504.0,0.230789
35.3193,205.0,0.30795,-0.1083,718.0,1.51258
29.0923,185.0,0.2938,-0.1636,444.0,0.017435
27.3642,211.0,0.24948,-0.11775,528.0,0.175019
17.974,137.0,0.268365,-0.0847,521.0,0.0377522
39.7587,176.0,0.4551,-0.22385,417.0,0.0915235
119.111,216.0,1.2162,-0.5962,506.0,0.81585
27.2672,177.0,0.314,-0.14305,458.0,0.201961
82.8244,144.0,1.122,-0.42595,459.0,0.750188
132.635,175.0,1.58525,-0.5994,491.0,0.708537
133.956,241.0,1.03505,-0.53505,638.0,1.23844
28.1436,134.0,0.42325,-0.1833,370.0,0.0416618
35.1657,206.0,0.30535,-0.2181,445.0,0.00784416
69.976,174.0,0.7511,-0.30355,549.0,0.982301
45.5364,174.0,0.51105,-0.1898,576.0,1.47905
40.9288,199.0,0.38455,-0.1718,577.0,0.269526
92.0648,193.0,0.8859,-0.5677,429.0,0.0307753
92.5467,215.0,0.8217,-0.366,579.0,1.33593
38.1185,176.0,0.39385,-0.16465,605.0,0.189172
46.1639,176.0,0.47755,-0.18395,585.0,1.15937
18.3029,177.0,0.191185,-0.0749,576.0,0.61534
57.5231,190.0,0.5608,-0.31025,490.0,0.0770174
81.6641,212.0,0.69415,-0.38065,586.0,0.28511
51.825,174.0,0.553,-0.24625,500.0,0.98671
19.903,189.0,0.203115,-0.1117,431.0,0.133356
161.777,231.0,1.7047,-0.71735,573.0,0.668298
64.8683,131.0,1.0232,-0.3957,360.0,0.120667
49.6973,205.0,0.464,-0.29155,449.0,0.085068
67.0994,164.0,0.84865,-0.32955,411.0,0.104929
30.3717,197.0,0.28705,-0.13815,556.0,0.219942
13.4799,201.0,0.125905,-0.0667,567.0,0.0393008
56.1849,124.0,0.88405,-0.41855,315.0,0.0463182
69.6124,173.0,0.9253,-0.36745,436.0,0.202468
99.4825,169.0,1.1594,-0.4185,542.0,0.924562
94.2114,160.0,1.0755,-0.592,386.0,0.22298
11.1955,164.0,0.131505,-0.07014,381.0,0.0287675
90.5891,148.0,1.24645,-0.43145,465.0,0.788786
68.5016,190.0,0.689,-0.3666,440.0,0.114445
63.0775,193.0,0.61845,-0.2754,551.0,0.528428
47.6924,172.0,0.52915,-0.1915,586.0,1.6441
50.98,200.0,0.49385,-0.18955,619.0,0.720632
122.174,238.0,1.00945,-0.5017,594.0,0.5988
103.977,134.0,1.7109,-0.60665,371.0,0.0745245
33.1053,266.0,0.2171,-0.10095,739.0,1.382
99.704,204.0,0.8612,-0.5536,484.0,0.0807003
110.203,154.0,1.4744,-0.596,436.0,0.232437
102.723,215.0,0.8817,-0.42595,563.0,0.670416
103.608,198.0,1.0656,-0.52495,463.0,0.442856
11.6369,264.0,0.080525,-0.038965,749.0,0.352599
46.0295,231.0,0.3597,-0.19515,563.0,0.528761
48.7137,216.0,0.4306,-0.2678,500.0,0.0981884
52.7777,225.0,0.44675,-0.2115,582.0,0.518866
45.4746,168.0,0.53085,-0.2222,485.0,0.215079
15.0676,137.0,0.224665,-0.11535,305.0,0.0165891
77.6324,178.0,0.8762,-0.36475,483.0,0.36554
45.3283,183.0,0.5083,-0.24805,428.0,0.233004
104.625,201.0,1.1612,-0.55345,473.0,0.424065
39.6095,179.0,0.4303,-0.1901,485.0,0.281973
78.4099,255.0,0.6607,-0.2557,683.0,0.869736
52.1742,181.0,0.5651,-0.2468,500.0,0.693509
12.014,179.0,0.122245,-0.04912,585.0,0.625783
67.384,229.0,0.5634,-0.2935,551.0,0.343552
41.2197,147.0,0.52555,-0.23405,415.0,0.301009
24.484,221.0,0.201895,-0.0786,674.0,1.29909
73.1749,183.0,0.78975,-0.307,534.0,1.07672
37.5838,162.0,0.43375,-0.1828,470.0,0.695302
35.3953,177.0,0.38425,-0.16335,508.0,0.485263
43.6044,199.0,0.39135,-0.1499,669.0,1.56019
68.917,226.0,0.5677,-0.24,707.0,1.38747
175.429,239.0,1.7197,-0.59085,670.0,1.73261
37.9586,267.0,0.24695,-0.1208,746.0,1.53255
13.9558,169.0,0.16282,-0.07295,523.0,0.0410153
32.2886,162.0,0.3782,-0.15475,493.0,0.240921
98.6436,226.0,0.7958,-0.41215,611.0,0.887817
56.0276,153.0,0.77565,-0.2435,501.0,0.767757
18.9815,144.0,0.255665,-0.12115,408.0,0.0751465
46.8852,200.0,0.43275,-0.2092,538.0,0.411058
42.6799,158.0,0.5337,-0.2613,391.0,0.0752172
129.188,228.0,1.1085,-0.5292,574.0,0.945389
42.7654,143.0,0.61535,-0.34945,289.0,0.0824814
62.348,198.0,0.58315,-0.2709,566.0,0.989779
45.9466,177.0,0.4874,-0.18235,574.0,1.80429
62.489,198.0,0.58355,-0.3598,488.0,0.0752624
41.2766,210.0,0.3698,-0.1419,657.0,1.62618
39.0722,153.0,0.5223,-0.2124,437.0,0.256076
38.4713,156.0,0.47125,-0.19995,462.0,0.284709
132.118,184.0,1.5472,-0.5342,558.0,1.89884
60.7951,246.0,0.4511,-0.2311,630.0,0.488512
90.8875,249.0,0.6987,-0.35175,613.0,0.431188
62.9375,251.0,0.53335,-0.21865,658.0,0.874639
36.2073,225.0,0.2895,-0.10855,725.0,1.99352
126.078,258.0,0.88015,-0.50715,640.0,0.511644
88.5571,250.0,0.7033,-0.4044,606.0,0.332052
54.3801,191.0,0.5544,-0.31275,431.0,0.163151
13.9937,148.0,0.19442,-0.0697,491.0,0.0465464
67.7055,226.0,0.5743,-0.275,562.0,0.705052
70.1063,209.0,0.7259,-0.2445,626.0,0.517081
134.219,257.0,1.08625,-0.46435,663.0,1.24769
53.6108,190.0,0.5352,-0.24085,529.0,0.354072
45.2093,160.0,0.58385,-0.2254,464.0,0.291215
57.2571,219.0,0.4519,-0.2145,700.0,0.780057
43.9671,173.0,0.48165,-0.1695,591.0,0.658003
58.5651,162.0,0.71575,-0.23955,544.0,1.83057
85.781,146.0,1.14855,-0.5004,389.0,0.0865348
34.7623,172.0,0.3893,-0.13525,602.0,1.2183
105.108,203.0,0.97035,-0.43145,568.0,1.12916
33.8871,178.0,0.35115,-0.2159,409.0,0.058423
77.1175,186.0,0.80555,-0.3148,549.0,0.644867
43.3603,186.0,0.45275,-0.2411,450.0,0.112551
99.8335,239.0,0.74555,-0.33615,698.0,1.41185
97.7622,195.0,0.9889,-0.5072,448.0,0.151575
92.692,171.0,1.14845,-0.55565,393.0,0.121905
68.2393,146.0,0.87525,-0.338,443.0,0.054128
57.9143,193.0,0.61155,-0.198,617.0,1.06239
101.965,233.0,0.8902,-0.43155,569.0,0.324368
45.0139,167.0,0.5261,-0.2516,419.0,0.229322
103.306,265.0,0.75825,-0.34225,716.0,1.90914
99.4631,243.0,0.7186,-0.3834,672.0,0.950116
64.4815,231.0,0.4964,-0.23,732.0,1.26573
41.8832,195.0,0.39925,-0.16445,598.0,0.710414
126.795,207.0,1.26985,-0.52415,554.0,1.21181
32.6246,186.0,0.33255,-0.145,544.0,0.173446
16.9644,169.0,0.1957,-0.0611,635.0,0.409555
98.7974,173.0,1.14115,-0.4364,503.0,1.68868
16.3441,265.0,0.10855,-0.0515,766.0,0.680617
72.0413,214.0,0.6692,-0.33375,518.0,0.128758
71.6216,192.0,0.71165,-0.3129,540.0,0.593874
45.3086,217.0,0.38545,-0.1854,624.0,0.309827
47.397,189.0,0.48005,-0.25195,444.0,0.133619
21.3304,174.0,0.22677,-0.1181,464.0,0.0290697
92.77,290.0,0.6208,-0.35425,705.0,0.770604
46.2021,151.0,0.5667,-0.3627,367.0,0.0119042
104.94,241.0,0.76745,-0.3962,656.0,0.876392
50.0446,232.0,0.3862,-0.2637,562.0,0.0914716
55.6128,228.0,0.44515,-0.2104,638.0,0.831771
34.8376,172.0,0.3889,-0.1583,544.0,0.196277
73.4775,183.0,0.817,-0.35015,475.0,0.26019
55.4548,203.0,0.5316,-0.2205,578.0,1.39308
62.0359,158.0,0.7319,-0.43955,353.0,0.069497
113.949,196.0,1.12185,-0.4929,535.0,1.58126
28.8351,140.0,0.39045,-0.20915,362.0,0.0072025
59.7748,191.0,0.5999,-0.21655,616.0,1.32691
72.1816,236.0,0.56195,-0.2908,620.0,0.384794
24.4363,194.0,0.228965,-0.10085,583.0,0.395743
131.215,187.0,1.3575,-0.76985,420.0,0.379297
99.9748,192.0,1.04385,-0.4443,512.0,0.615949
137.165,258.0,1.1259,-0.47915,648.0,1.77133
58.5849,149.0,0.79695,-0.23115,558.0,1.70203
83.7805,131.0,1.241,-0.45445,364.0,0.186807
46.5655,179.0,0.54065,-0.2592,418.0,0.0455605
62.8106,157.0,0.79745,-0.3761,392.0,0.0636567
12.8258,230.0,0.097425,-0.03755,730.0,1.11516
79.8442,144.0,1.12215,-0.5041,351.0,0.123746
16.9863,131.0,0.25301,-0.15945,279.0,0.013611
35.9116,149.0,0.46655,-0.1949,443.0,0.124251
83.9137,196.0,0.77725,-0.40135,552.0,0.186907
93.4914,161.0,1.16035,-0.5823,374.0,0.22723
14.2793,131.0,0.22442,-0.10081,335.0,0.0272239
69.0302,214.0,0.60895,-0.2066,727.0,1.98732
119.876,241.0,1.07365,-0.42885,634.0,0.306128
70.5264,190.0,0.76455,-0.2698,572.0,0.840595
71.3057,184.0,0.73955,-0.31485,529.0,0.277001
115.078,195.0,1.1622,-0.49865,547.0,1.7685
72.9512,192.0,0.7527,-0.2986,583.0,1.35287
59.092,181.0,0.6293,-0.2728,518.0,0.778435
123.868,198.0,1.5165,-0.4562,590.0,1.88796
27.5562,195.0,0.2726,-0.11705,581.0,0.135187
78.0134,159.0,0.9581,-0.41115,453.0,0.258736
25.0089,192.0,0.244,-0.1197,515.0,0.0720707
65.8563,204.0,0.56115,-0.2584,706.0,1.14631
30.9808,231.0,0.2449,-0.1338,563.0,0.380058
105.061,188.0,0.9711,-0.5332,568.0,0.268032
112.143,223.0,1.04135,-0.397,612.0,1.07584
81.3227,198.0,0.8508,-0.43755,514.0,0.0878843
67.84,172.0,0.7479,-0.35175,459.0,0.0730902
99.1652,216.0,0.8756,-0.41275,552.0,0.34435
67.1598,154.0,0.7992,-0.40305,412.0,0.0855122
19.29,145.0,0.27243,-0.1481,310.0,0.0415167
67.5462,185.0,0.6644,-0.3164,532.0,0.109011
72.1938,172.0,0.78705,-0.3903,444.0,0.0523429
55.3144,191.0,0.6339,-0.16355,685.0,1.43418
61.1646,170.0,0.7189,-0.3242,436.0,1.09735
72.815,228.0,0.5564,-0.3138,587.0,0.252924
52.6695,158.0,0.59775,-0.2093,638.0,0.419715
55.6822,176.0,0.5941,-0.33315,425.0,0.0498069
84.0414,216.0,0.7133,-0.3605,586.0,0.324569
65.3276,225.0,0.51575,-0.23835,617.0,1.17634
57.9146,137.0,0.89905,-0.38665,341.0,0.147368
24.0956,194.0,0.2464,-0.12385,500.0,0.080328
88.4891,192.0,0.9564,-0.4699,446.0,0.374765
119.464,190.0,1.1984,-0.53525,543.0,0.539542
27.9106,167.0,0.3268,-0.16335,411.0,0.147378
76.811,160.0,0.95195,-0.37725,471.0,1.59011
26.3375,172.0,0.29825,-0.1432,437.0,0.0567811
130.009,143.0,2.06535,-0.73515,390.0,0.145441
67.6634,204.0,0.62105,-0.2777,562.0,0.462953
47.7747,150.0,0.62765,-0.2698,411.0,0.220514
114.584,166.0,1.27015,-0.7266,396.0,0.0444247
